observation_id,source_id,image_path,label_canonical
OBS0001,SRC0159,images/B (1).jpg,Leaf spot
OBS0003,SRC0122,images/B (10).jpg,Leaf spot
OBS0005,SRC0012,images/B (100).jpg,Leaf spot
OBS0006,SRC0224,images/B (100).png,Leaf spot
OBS0007,SRC0109,images/B (101).jpg,Leaf spot
OBS0008,SRC0081,images/B (101).png,Leaf spot
OBS0009,SRC0109,images/B (102).jpg,Leaf spot
OBS0010,SRC0081,images/B (102).png,Leaf spot
OBS0011,SRC0109,images/B (103).jpg,Leaf spot
OBS0012,SRC0196,images/B (103).png,Leaf spot
OBS0013,SRC0109,images/B (104).jpg,Leaf spot
OBS0014,SRC0196,images/B (104).png,Leaf spot
OBS0015,SRC0019,images/B (105).png,Leaf spot
OBS0016,SRC0019,images/B (106).png,Leaf spot
OBS0017,SRC0194,images/B (107).png,Leaf spot
OBS0018,SRC0194,images/B (108).png,Leaf spot
OBS0019,SRC0092,images/B (109).png,Leaf spot
OBS0020,SRC0072,images/B (11).jpg,Leaf spot
OBS0021,SRC0193,images/B (11).png,Leaf spot
OBS0022,SRC0092,images/B (110).png,Leaf spot
OBS0025,SRC0021,images/B (113).png,Leaf spot
OBS0026,SRC0021,images/B (114).png,Leaf spot
OBS0027,SRC0106,images/B (115).png,Leaf spot
OBS0028,SRC0106,images/B (116).png,Leaf spot
OBS0029,SRC0100,images/B (117).png,Leaf spot
OBS0030,SRC0100,images/B (118).png,Leaf spot
OBS0031,SRC0135,images/B (119).png,Leaf spot
OBS0032,SRC0072,images/B (12).jpg,Leaf spot
OBS0033,SRC0193,images/B (12).png,Leaf spot
OBS0034,SRC0135,images/B (120).png,Leaf spot
OBS0041,SRC0105,images/B (127).png,Leaf spot
OBS0042,SRC0105,images/B (128).png,Leaf spot
OBS0045,SRC0063,images/B (131).png,Leaf spot
OBS0046,SRC0063,images/B (132).png,Leaf spot
OBS0049,SRC0059,images/B (135).png,Leaf spot
OBS0050,SRC0059,images/B (136).png,Leaf spot
OBS0054,SRC0009,images/B (14).jpg,Leaf spot
OBS0057,SRC0058,images/B (141).png,Leaf spot
OBS0058,SRC0058,images/B (142).png,Leaf spot
OBS0059,SRC0061,images/B (143).png,Leaf spot
OBS0060,SRC0061,images/B (144).png,Leaf spot
OBS0061,SRC0201,images/B (145).png,Leaf spot
OBS0062,SRC0201,images/B (146).png,Leaf spot
OBS0063,SRC0195,images/B (147).png,Leaf spot
OBS0064,SRC0195,images/B (148).png,Leaf spot
OBS0065,SRC0157,images/B (149).png,Leaf spot
OBS0066,SRC0090,images/B (15).jpg,Leaf spot
OBS0068,SRC0157,images/B (150).png,Leaf spot
OBS0069,SRC0193,images/B (151).png,Leaf spot
OBS0070,SRC0090,images/B (16).jpg,Leaf spot
OBS0072,SRC0029,images/B (17).jpg,Leaf spot
OBS0073,SRC0193,images/B (17).png,Leaf spot
OBS0074,SRC0029,images/B (18).jpg,Leaf spot
OBS0076,SRC0010,images/B (19).jpg,Leaf spot
OBS0077,SRC0224,images/B (19).png,Leaf spot
OBS0078,SRC0150,images/B (2).jpg,Leaf spot
OBS0080,SRC0010,images/B (20).jpg,Leaf spot
OBS0081,SRC0222,images/B (20).png,Leaf spot
OBS0082,SRC0223,images/B (21).jpg,Leaf spot
OBS0083,SRC0224,images/B (21).png,Leaf spot
OBS0084,SRC0223,images/B (22).jpg,Leaf spot
OBS0086,SRC0034,images/B (23).jpg,Leaf spot
OBS0088,SRC0034,images/B (24).jpg,Leaf spot
OBS0093,SRC0075,images/B (26).png,Leaf spot
OBS0094,SRC0048,images/B (27).jpg,Leaf spot
OBS0095,SRC0075,images/B (27).png,Leaf spot
OBS0096,SRC0048,images/B (28).jpg,Leaf spot
OBS0097,SRC0075,images/B (28).png,Leaf spot
OBS0098,SRC0080,images/B (29).jpg,Leaf spot
OBS0099,SRC0075,images/B (29).png,Leaf spot
OBS0100,SRC0038,images/B (3).jpg,Leaf spot
OBS0102,SRC0156,images/B (30).jpg,Leaf spot
OBS0103,SRC0075,images/B (30).png,Leaf spot
OBS0104,SRC0156,images/B (31).jpg,Leaf spot
OBS0105,SRC0075,images/B (31).png,Leaf spot
OBS0106,SRC0069,images/B (32).jpg,Leaf spot
OBS0107,SRC0075,images/B (32).png,Leaf spot
OBS0108,SRC0009,images/B (33).jpg,Leaf spot
OBS0109,SRC0075,images/B (33).png,Leaf spot
OBS0110,SRC0069,images/B (34).jpg,Leaf spot
OBS0111,SRC0075,images/B (34).png,Leaf spot
OBS0112,SRC0027,images/B (35).jpg,Leaf spot
OBS0113,SRC0075,images/B (35).png,Leaf spot
OBS0114,SRC0080,images/B (36).jpg,Leaf spot
OBS0115,SRC0188,images/B (36).png,Leaf spot
OBS0116,SRC0130,images/B (37).jpg,Leaf spot
OBS0117,SRC0188,images/B (37).png,Leaf spot
OBS0118,SRC0130,images/B (38).jpg,Leaf spot
OBS0119,SRC0188,images/B (38).png,Leaf spot
OBS0121,SRC0188,images/B (39).png,Leaf spot
OBS0123,SRC0064,images/B (4).png,Leaf spot
OBS0125,SRC0188,images/B (40).png,Leaf spot
OBS0126,SRC0113,images/B (41).jpg,Leaf spot
OBS0127,SRC0164,images/B (41).png,Leaf spot
OBS0128,SRC0113,images/B (42).jpg,Leaf spot
OBS0129,SRC0164,images/B (42).png,Leaf spot
OBS0130,SRC0128,images/B (43).jpg,Leaf spot
OBS0131,SRC0164,images/B (43).png,Leaf spot
OBS0132,SRC0128,images/B (44).jpg,Leaf spot
OBS0133,SRC0164,images/B (44).png,Leaf spot
OBS0134,SRC0128,images/B (45).jpg,Leaf spot
OBS0135,SRC0164,images/B (45).png,Leaf spot
OBS0136,SRC0128,images/B (46).jpg,Leaf spot
OBS0137,SRC0164,images/B (46).png,Leaf spot
OBS0138,SRC0114,images/B (47).jpg,Leaf spot
OBS0139,SRC0164,images/B (47).png,Leaf spot
OBS0140,SRC0114,images/B (48).jpg,Leaf spot
OBS0141,SRC0224,images/B (48).png,Leaf spot
OBS0142,SRC0114,images/B (49).jpg,Leaf spot
OBS0143,SRC0224,images/B (49).png,Leaf spot
OBS0144,SRC0087,images/B (5).jpg,Leaf spot
OBS0146,SRC0114,images/B (50).jpg,Leaf spot
OBS0147,SRC0224,images/B (50).png,Leaf spot
OBS0148,SRC0025,images/B (51).jpg,Leaf spot
OBS0149,SRC0224,images/B (51).png,Leaf spot
OBS0150,SRC0025,images/B (52).jpg,Leaf spot
OBS0151,SRC0224,images/B (52).png,Leaf spot
OBS0152,SRC0025,images/B (53).jpg,Leaf spot
OBS0153,SRC0157,images/B (53).png,Leaf spot
OBS0154,SRC0025,images/B (54).jpg,Leaf spot
OBS0155,SRC0157,images/B (54).png,Leaf spot
OBS0156,SRC0086,images/B (55).jpg,Leaf spot
OBS0157,SRC0157,images/B (55).png,Leaf spot
OBS0158,SRC0086,images/B (56).jpg,Leaf spot
OBS0159,SRC0157,images/B (56).png,Leaf spot
OBS0160,SRC0086,images/B (57).jpg,Leaf spot
OBS0161,SRC0157,images/B (57).png,Leaf spot
OBS0162,SRC0197,images/B (58).jpg,Leaf spot
OBS0163,SRC0157,images/B (58).png,Leaf spot
OBS0164,SRC0197,images/B (59).jpg,Leaf spot
OBS0165,SRC0157,images/B (59).png,Leaf spot
OBS0166,SRC0094,images/B (6).jpg,Leaf spot
OBS0168,SRC0197,images/B (60).jpg,Leaf spot
OBS0169,SRC0157,images/B (60).png,Leaf spot
OBS0170,SRC0197,images/B (61).jpg,Leaf spot
OBS0171,SRC0003,images/B (61).png,Leaf spot
OBS0173,SRC0003,images/B (62).png,Leaf spot
OBS0175,SRC0011,images/B (63).png,Leaf spot
OBS0177,SRC0011,images/B (64).png,Leaf spot
OBS0179,SRC0089,images/B (65).png,Leaf spot
OBS0181,SRC0089,images/B (66).png,Leaf spot
OBS0183,SRC0139,images/B (67).png,Leaf spot
OBS0185,SRC0139,images/B (68).png,Leaf spot
OBS0187,SRC0166,images/B (69).png,Leaf spot
OBS0188,SRC0016,images/B (7).jpg,Leaf spot
OBS0190,SRC0187,images/B (70).jpg,Leaf spot
OBS0191,SRC0166,images/B (70).png,Leaf spot
OBS0192,SRC0187,images/B (71).jpg,Leaf spot
OBS0193,SRC0132,images/B (71).png,Leaf spot
OBS0194,SRC0187,images/B (72).jpg,Leaf spot
OBS0195,SRC0132,images/B (72).png,Leaf spot
OBS0196,SRC0051,images/B (73).jpg,Leaf spot
OBS0197,SRC0202,images/B (73).png,Leaf spot
OBS0198,SRC0221,images/B (74).jpg,Leaf spot
OBS0199,SRC0202,images/B (74).png,Leaf spot
OBS0200,SRC0220,images/B (75).jpg,Leaf spot
OBS0201,SRC0133,images/B (75).png,Leaf spot
OBS0203,SRC0133,images/B (76).png,Leaf spot
OBS0204,SRC0230,images/B (77).jpg,Leaf spot
OBS0208,SRC0203,images/B (79).jpg,Leaf spot
OBS0210,SRC0199,images/B (8).jpg,Leaf spot
OBS0211,SRC0115,images/B (8).png,Leaf spot
OBS0212,SRC0203,images/B (80).jpg,Leaf spot
OBS0214,SRC0186,images/B (81).jpg,Leaf spot
OBS0215,SRC0104,images/B (81).png,Leaf spot
OBS0216,SRC0186,images/B (82).jpg,Leaf spot
OBS0217,SRC0104,images/B (82).png,Leaf spot
OBS0219,SRC0102,images/B (83).png,Leaf spot
OBS0220,SRC0187,images/B (84).jpg,Leaf spot
OBS0221,SRC0102,images/B (84).png,Leaf spot
OBS0222,SRC0037,images/B (85).jpg,Leaf spot
OBS0223,SRC0169,images/B (85).png,Leaf spot
OBS0224,SRC0037,images/B (86).jpg,Leaf spot
OBS0225,SRC0169,images/B (86).png,Leaf spot
OBS0226,SRC0037,images/B (87).jpg,Leaf spot
OBS0227,SRC0149,images/B (87).png,Leaf spot
OBS0228,SRC0037,images/B (88).jpg,Leaf spot
OBS0229,SRC0149,images/B (88).png,Leaf spot
OBS0230,SRC0047,images/B (89).jpg,Leaf spot
OBS0231,SRC0184,images/B (89).png,Leaf spot
OBS0232,SRC0122,images/B (9).jpg,Leaf spot
OBS0233,SRC0064,images/B (9).png,Leaf spot
OBS0234,SRC0047,images/B (90).jpg,Leaf spot
OBS0235,SRC0184,images/B (90).png,Leaf spot
OBS0236,SRC0047,images/B (91).jpg,Leaf spot
OBS0237,SRC0096,images/B (91).png,Leaf spot
OBS0238,SRC0047,images/B (92).jpg,Leaf spot
OBS0239,SRC0096,images/B (92).png,Leaf spot
OBS0240,SRC0167,images/B (93).jpg,Leaf spot
OBS0241,SRC0188,images/B (93).png,Leaf spot
OBS0242,SRC0167,images/B (94).jpg,Leaf spot
OBS0243,SRC0188,images/B (94).png,Leaf spot
OBS0244,SRC0167,images/B (95).jpg,Leaf spot
OBS0245,SRC0164,images/B (95).png,Leaf spot
OBS0246,SRC0167,images/B (96).jpg,Leaf spot
OBS0247,SRC0164,images/B (96).png,Leaf spot
OBS0248,SRC0012,images/B (97).jpg,Leaf spot
OBS0249,SRC0228,images/B (97).png,Leaf spot
OBS0250,SRC0012,images/B (98).jpg,Leaf spot
OBS0251,SRC0228,images/B (98).png,Leaf spot
OBS0252,SRC0012,images/B (99).jpg,Leaf spot
OBS0253,SRC0224,images/B (99).png,Leaf spot
OBS0254,SRC0077,images/Ds (1).jpg,Healthy
OBS0255,SRC0071,images/Ds (10).jpg,Healthy
OBS0256,SRC0101,images/Ds (100).png,Healthy
OBS0257,SRC0049,images/Ds (101).png,Healthy
OBS0258,SRC0101,images/Ds (102).png,Healthy
OBS0259,SRC0049,images/Ds (103).png,Healthy
OBS0260,SRC0101,images/Ds (104).png,Healthy
OBS0262,SRC0101,images/Ds (106).png,Healthy
OBS0264,SRC0101,images/Ds (108).png,Healthy
OBS0266,SRC0071,images/Ds (11).jpg,Healthy
OBS0267,SRC0005,images/Ds (110).png,Healthy
OBS0268,SRC0165,images/Ds (111).png,Healthy
OBS0269,SRC0005,images/Ds (112).png,Healthy
OBS0270,SRC0165,images/Ds (113).png,Healthy
OBS0271,SRC0005,images/Ds (114).png,Healthy
OBS0272,SRC0099,images/Ds (115).png,Healthy
OBS0273,SRC0005,images/Ds (116).png,Healthy
OBS0274,SRC0165,images/Ds (117).png,Healthy
OBS0275,SRC0005,images/Ds (118).png,Healthy
OBS0276,SRC0099,images/Ds (119).png,Healthy
OBS0277,SRC0071,images/Ds (12).jpg,Healthy
OBS0278,SRC0005,images/Ds (120).png,Healthy
OBS0279,SRC0165,images/Ds (121).png,Healthy
OBS0280,SRC0005,images/Ds (122).png,Healthy
OBS0281,SRC0165,images/Ds (123).png,Healthy
OBS0282,SRC0005,images/Ds (124).png,Healthy
OBS0283,SRC0165,images/Ds (125).png,Healthy
OBS0284,SRC0045,images/Ds (126).png,Healthy
OBS0285,SRC0098,images/Ds (127).png,Healthy
OBS0286,SRC0045,images/Ds (128).png,Healthy
OBS0288,SRC0234,images/Ds (13).jpg,Healthy
OBS0289,SRC0045,images/Ds (130).png,Healthy
OBS0290,SRC0098,images/Ds (131).png,Healthy
OBS0291,SRC0045,images/Ds (132).png,Healthy
OBS0292,SRC0098,images/Ds (133).png,Healthy
OBS0293,SRC0045,images/Ds (134).png,Healthy
OBS0295,SRC0045,images/Ds (136).png,Healthy
OBS0296,SRC0098,images/Ds (137).png,Healthy
OBS0297,SRC0045,images/Ds (138).png,Healthy
OBS0299,SRC0234,images/Ds (14).jpg,Healthy
OBS0300,SRC0045,images/Ds (140).png,Healthy
OBS0302,SRC0004,images/Ds (142).png,Healthy
OBS0303,SRC0078,images/Ds (143).png,Healthy
OBS0304,SRC0004,images/Ds (144).png,Healthy
OBS0305,SRC0140,images/Ds (145).png,Healthy
OBS0306,SRC0004,images/Ds (146).png,Healthy
OBS0307,SRC0078,images/Ds (147).png,Healthy
OBS0308,SRC0004,images/Ds (148).png,Healthy
OBS0309,SRC0140,images/Ds (149).png,Healthy
OBS0310,SRC0234,images/Ds (15).jpg,Healthy
OBS0311,SRC0004,images/Ds (150).png,Healthy
OBS0312,SRC0182,images/Ds (16).jpg,Healthy
OBS0313,SRC0182,images/Ds (17).jpg,Healthy
OBS0314,SRC0182,images/Ds (18).jpg,Healthy
OBS0315,SRC0182,images/Ds (19).jpg,Healthy
OBS0316,SRC0077,images/Ds (2).jpg,Healthy
OBS0317,SRC0182,images/Ds (20).jpg,Healthy
OBS0318,SRC0182,images/Ds (21).jpg,Healthy
OBS0327,SRC0077,images/Ds (3).jpg,Healthy
OBS0332,SRC0152,images/Ds (34).jpg,Healthy
OBS0333,SRC0152,images/Ds (35).jpg,Healthy
OBS0334,SRC0152,images/Ds (36).jpg,Healthy
OBS0335,SRC0152,images/Ds (37).jpg,Healthy
OBS0336,SRC0152,images/Ds (38).jpg,Healthy
OBS0337,SRC0152,images/Ds (39).jpg,Healthy
OBS0338,SRC0161,images/Ds (4).jpg,Healthy
OBS0339,SRC0227,images/Ds (40).jpg,Healthy
OBS0340,SRC0227,images/Ds (41).jpg,Healthy
OBS0341,SRC0227,images/Ds (42).jpg,Healthy
OBS0342,SRC0227,images/Ds (43).jpg,Healthy
OBS0343,SRC0227,images/Ds (44).jpg,Healthy
OBS0344,SRC0227,images/Ds (45).jpg,Healthy
OBS0345,SRC0232,images/Ds (46).jpg,Healthy
OBS0346,SRC0232,images/Ds (47).jpg,Healthy
OBS0347,SRC0232,images/Ds (48).jpg,Healthy
OBS0348,SRC0232,images/Ds (49).jpg,Healthy
OBS0349,SRC0161,images/Ds (5).jpg,Healthy
OBS0350,SRC0232,images/Ds (50).jpg,Healthy
OBS0351,SRC0232,images/Ds (51).jpg,Healthy
OBS0358,SRC0065,images/Ds (58).jpg,Healthy
OBS0359,SRC0065,images/Ds (59).jpg,Healthy
OBS0360,SRC0161,images/Ds (6).jpg,Healthy
OBS0361,SRC0065,images/Ds (60).jpg,Healthy
OBS0362,SRC0065,images/Ds (61).jpg,Healthy
OBS0363,SRC0065,images/Ds (62).jpg,Healthy
OBS0364,SRC0065,images/Ds (63).jpg,Healthy
OBS0365,SRC0168,images/Ds (64).jpg,Healthy
OBS0366,SRC0168,images/Ds (65).jpg,Healthy
OBS0367,SRC0168,images/Ds (66).jpg,Healthy
OBS0368,SRC0168,images/Ds (67).jpg,Healthy
OBS0369,SRC0168,images/Ds (68).jpg,Healthy
OBS0370,SRC0168,images/Ds (69).jpg,Healthy
OBS0371,SRC0031,images/Ds (7).jpg,Healthy
OBS0372,SRC0066,images/Ds (70).jpg,Healthy
OBS0373,SRC0066,images/Ds (71).jpg,Healthy
OBS0374,SRC0066,images/Ds (72).jpg,Healthy
OBS0375,SRC0066,images/Ds (73).jpg,Healthy
OBS0376,SRC0066,images/Ds (74).jpg,Healthy
OBS0377,SRC0066,images/Ds (75).jpg,Healthy
OBS0378,SRC0066,images/Ds (76).jpg,Healthy
OBS0379,SRC0066,images/Ds (77).jpg,Healthy
OBS0380,SRC0066,images/Ds (78).jpg,Healthy
OBS0381,SRC0101,images/Ds (79).png,Healthy
OBS0382,SRC0031,images/Ds (8).jpg,Healthy
OBS0383,SRC0101,images/Ds (80).png,Healthy
OBS0384,SRC0101,images/Ds (81).png,Healthy
OBS0385,SRC0101,images/Ds (82).png,Healthy
OBS0386,SRC0049,images/Ds (83).png,Healthy
OBS0387,SRC0101,images/Ds (84).png,Healthy
OBS0389,SRC0101,images/Ds (86).png,Healthy
OBS0390,SRC0049,images/Ds (87).png,Healthy
OBS0391,SRC0101,images/Ds (88).png,Healthy
OBS0393,SRC0031,images/Ds (9).jpg,Healthy
OBS0394,SRC0101,images/Ds (90).png,Healthy
OBS0395,SRC0101,images/Ds (91).png,Healthy
OBS0396,SRC0101,images/Ds (92).png,Healthy
OBS0398,SRC0101,images/Ds (94).png,Healthy
OBS0400,SRC0101,images/Ds (96).png,Healthy
OBS0401,SRC0049,images/Ds (97).png,Healthy
OBS0402,SRC0101,images/Ds (98).png,Healthy
OBS0404,SRC0178,images/Ej (1).jpg,Sooty mold
OBS0405,SRC0006,images/Ej (1).png,Sooty mold
OBS0406,SRC0211,images/Ej (10).jpg,Sooty mold
OBS0407,SRC0033,images/Ej (10).png,Sooty mold
OBS0409,SRC0154,images/Ej (101).png,Sooty mold
OBS0410,SRC0154,images/Ej (102).png,Sooty mold
OBS0411,SRC0154,images/Ej (103).png,Sooty mold
OBS0412,SRC0112,images/Ej (104).png,Sooty mold
OBS0413,SRC0112,images/Ej (105).png,Sooty mold
OBS0414,SRC0112,images/Ej (106).png,Sooty mold
OBS0415,SRC0112,images/Ej (107).png,Sooty mold
OBS0416,SRC0112,images/Ej (108).png,Sooty mold
OBS0417,SRC0112,images/Ej (109).png,Sooty mold
OBS0418,SRC0001,images/Ej (11).jpg,Sooty mold
OBS0419,SRC0212,images/Ej (11).png,Sooty mold
OBS0426,SRC0112,images/Ej (116).png,Sooty mold
OBS0427,SRC0112,images/Ej (117).png,Sooty mold
OBS0430,SRC0001,images/Ej (12).jpg,Sooty mold
OBS0431,SRC0212,images/Ej (12).png,Sooty mold
OBS0432,SRC0042,images/Ej (120).png,Sooty mold
OBS0433,SRC0042,images/Ej (121).png,Sooty mold
OBS0434,SRC0151,images/Ej (122).png,Sooty mold
OBS0435,SRC0151,images/Ej (123).png,Sooty mold
OBS0436,SRC0151,images/Ej (124).png,Sooty mold
OBS0437,SRC0042,images/Ej (125).png,Sooty mold
OBS0438,SRC0042,images/Ej (126).png,Sooty mold
OBS0439,SRC0042,images/Ej (127).png,Sooty mold
OBS0440,SRC0042,images/Ej (128).png,Sooty mold
OBS0441,SRC0151,images/Ej (129).png,Sooty mold
OBS0442,SRC0001,images/Ej (13).jpg,Sooty mold
OBS0443,SRC0212,images/Ej (13).png,Sooty mold
OBS0447,SRC0055,images/Ej (133).png,Sooty mold
OBS0448,SRC0055,images/Ej (134).png,Sooty mold
OBS0449,SRC0055,images/Ej (135).png,Sooty mold
OBS0450,SRC0055,images/Ej (136).png,Sooty mold
OBS0451,SRC0055,images/Ej (137).png,Sooty mold
OBS0452,SRC0055,images/Ej (138).png,Sooty mold
OBS0453,SRC0116,images/Ej (139).png,Sooty mold
OBS0454,SRC0001,images/Ej (14).jpg,Sooty mold
OBS0455,SRC0212,images/Ej (14).png,Sooty mold
OBS0456,SRC0116,images/Ej (140).png,Sooty mold
OBS0457,SRC0116,images/Ej (141).png,Sooty mold
OBS0458,SRC0116,images/Ej (142).png,Sooty mold
OBS0459,SRC0116,images/Ej (143).png,Sooty mold
OBS0460,SRC0055,images/Ej (144).png,Sooty mold
OBS0461,SRC0055,images/Ej (145).png,Sooty mold
OBS0462,SRC0116,images/Ej (146).png,Sooty mold
OBS0463,SRC0116,images/Ej (147).png,Sooty mold
OBS0464,SRC0053,images/Ej (148).png,Sooty mold
OBS0465,SRC0053,images/Ej (149).png,Sooty mold
OBS0466,SRC0041,images/Ej (15).jpg,Sooty mold
OBS0467,SRC0212,images/Ej (15).png,Sooty mold
OBS0468,SRC0125,images/Ej (150).png,Sooty mold
OBS0469,SRC0041,images/Ej (16).jpg,Sooty mold
OBS0470,SRC0212,images/Ej (16).png,Sooty mold
OBS0471,SRC0041,images/Ej (17).jpg,Sooty mold
OBS0472,SRC0219,images/Ej (17).png,Sooty mold
OBS0473,SRC0218,images/Ej (18).jpg,Sooty mold
OBS0474,SRC0219,images/Ej (18).png,Sooty mold
OBS0475,SRC0218,images/Ej (19).jpg,Sooty mold
OBS0476,SRC0219,images/Ej (19).png,Sooty mold
OBS0477,SRC0178,images/Ej (2).jpg,Sooty mold
OBS0478,SRC0006,images/Ej (2).png,Sooty mold
OBS0479,SRC0218,images/Ej (20).jpg,Sooty mold
OBS0480,SRC0219,images/Ej (20).png,Sooty mold
OBS0481,SRC0218,images/Ej (21).jpg,Sooty mold
OBS0482,SRC0074,images/Ej (21).png,Sooty mold
OBS0483,SRC0170,images/Ej (22).jpg,Sooty mold
OBS0484,SRC0198,images/Ej (22).png,Sooty mold
OBS0485,SRC0170,images/Ej (23).jpg,Sooty mold
OBS0486,SRC0198,images/Ej (23).png,Sooty mold
OBS0487,SRC0170,images/Ej (24).jpg,Sooty mold
OBS0488,SRC0198,images/Ej (24).png,Sooty mold
OBS0489,SRC0103,images/Ej (25).jpg,Sooty mold
OBS0490,SRC0198,images/Ej (25).png,Sooty mold
OBS0491,SRC0103,images/Ej (26).jpg,Sooty mold
OBS0492,SRC0198,images/Ej (26).png,Sooty mold
OBS0493,SRC0103,images/Ej (27).jpg,Sooty mold
OBS0494,SRC0074,images/Ej (27).png,Sooty mold
OBS0495,SRC0103,images/Ej (28).jpg,Sooty mold
OBS0496,SRC0198,images/Ej (28).png,Sooty mold
OBS0497,SRC0147,images/Ej (29).jpg,Sooty mold
OBS0498,SRC0198,images/Ej (29).png,Sooty mold
OBS0499,SRC0178,images/Ej (3).jpg,Sooty mold
OBS0500,SRC0015,images/Ej (3).png,Sooty mold
OBS0501,SRC0147,images/Ej (30).jpg,Sooty mold
OBS0502,SRC0198,images/Ej (30).png,Sooty mold
OBS0503,SRC0147,images/Ej (31).jpg,Sooty mold
OBS0505,SRC0147,images/Ej (32).jpg,Sooty mold
OBS0507,SRC0205,images/Ej (33).jpg,Sooty mold
OBS0509,SRC0205,images/Ej (34).jpg,Sooty mold
OBS0511,SRC0205,images/Ej (35).jpg,Sooty mold
OBS0513,SRC0205,images/Ej (36).jpg,Sooty mold
OBS0520,SRC0134,images/Ej (39).png,Sooty mold
OBS0521,SRC0180,images/Ej (4).jpg,Sooty mold
OBS0522,SRC0015,images/Ej (4).png,Sooty mold
OBS0524,SRC0134,images/Ej (40).png,Sooty mold
OBS0525,SRC0204,images/Ej (41).jpg,Sooty mold
OBS0526,SRC0134,images/Ej (41).png,Sooty mold
OBS0527,SRC0204,images/Ej (42).jpg,Sooty mold
OBS0528,SRC0134,images/Ej (42).png,Sooty mold
OBS0529,SRC0204,images/Ej (43).jpg,Sooty mold
OBS0531,SRC0145,images/Ej (44).jpg,Sooty mold
OBS0533,SRC0145,images/Ej (45).jpg,Sooty mold
OBS0536,SRC0185,images/Ej (47).png,Sooty mold
OBS0537,SRC0185,images/Ej (48).png,Sooty mold
OBS0538,SRC0185,images/Ej (49).png,Sooty mold
OBS0539,SRC0180,images/Ej (5).jpg,Sooty mold
OBS0540,SRC0015,images/Ej (5).png,Sooty mold
OBS0541,SRC0185,images/Ej (50).png,Sooty mold
OBS0542,SRC0185,images/Ej (51).png,Sooty mold
OBS0543,SRC0185,images/Ej (52).png,Sooty mold
OBS0544,SRC0185,images/Ej (53).png,Sooty mold
OBS0545,SRC0185,images/Ej (54).png,Sooty mold
OBS0546,SRC0233,images/Ej (55).png,Sooty mold
OBS0547,SRC0233,images/Ej (56).png,Sooty mold
OBS0548,SRC0233,images/Ej (57).png,Sooty mold
OBS0549,SRC0233,images/Ej (58).png,Sooty mold
OBS0550,SRC0233,images/Ej (59).png,Sooty mold
OBS0551,SRC0180,images/Ej (6).jpg,Sooty mold
OBS0552,SRC0015,images/Ej (6).png,Sooty mold
OBS0553,SRC0233,images/Ej (60).png,Sooty mold
OBS0554,SRC0233,images/Ej (61).png,Sooty mold
OBS0555,SRC0233,images/Ej (62).png,Sooty mold
OBS0556,SRC0055,images/Ej (63).png,Sooty mold
OBS0557,SRC0055,images/Ej (64).png,Sooty mold
OBS0558,SRC0055,images/Ej (65).png,Sooty mold
OBS0559,SRC0055,images/Ej (66).png,Sooty mold
OBS0560,SRC0055,images/Ej (67).png,Sooty mold
OBS0561,SRC0055,images/Ej (68).png,Sooty mold
OBS0562,SRC0055,images/Ej (69).png,Sooty mold
OBS0563,SRC0211,images/Ej (7).jpg,Sooty mold
OBS0564,SRC0033,images/Ej (7).png,Sooty mold
OBS0565,SRC0055,images/Ej (70).png,Sooty mold
OBS0566,SRC0116,images/Ej (71).png,Sooty mold
OBS0567,SRC0116,images/Ej (72).png,Sooty mold
OBS0568,SRC0116,images/Ej (73).png,Sooty mold
OBS0569,SRC0116,images/Ej (74).png,Sooty mold
OBS0570,SRC0116,images/Ej (75).png,Sooty mold
OBS0571,SRC0116,images/Ej (76).png,Sooty mold
OBS0572,SRC0116,images/Ej (77).png,Sooty mold
OBS0573,SRC0116,images/Ej (78).png,Sooty mold
OBS0575,SRC0211,images/Ej (8).jpg,Sooty mold
OBS0576,SRC0033,images/Ej (8).png,Sooty mold
OBS0584,SRC0074,images/Ej (87).png,Sooty mold
OBS0585,SRC0074,images/Ej (88).png,Sooty mold
OBS0586,SRC0074,images/Ej (89).png,Sooty mold
OBS0587,SRC0211,images/Ej (9).jpg,Sooty mold
OBS0588,SRC0033,images/Ej (9).png,Sooty mold
OBS0589,SRC0053,images/Ej (90).png,Sooty mold
OBS0590,SRC0053,images/Ej (91).png,Sooty mold
OBS0591,SRC0053,images/Ej (92).png,Sooty mold
OBS0592,SRC0053,images/Ej (93).png,Sooty mold
OBS0593,SRC0053,images/Ej (94).png,Sooty mold
OBS0594,SRC0053,images/Ej (95).png,Sooty mold
OBS0595,SRC0053,images/Ej (96).png,Sooty mold
OBS0599,SRC0142,images/K (1).jpg,Coffee rust
OBS0601,SRC0052,images/K (10).jpg,Coffee rust
OBS0602,SRC0020,images/K (10).png,Coffee rust
OBS0603,SRC0143,images/K (100).png,Coffee rust
OBS0604,SRC0056,images/K (101).png,Coffee rust
OBS0605,SRC0056,images/K (102).png,Coffee rust
OBS0606,SRC0056,images/K (103).png,Coffee rust
OBS0607,SRC0056,images/K (104).png,Coffee rust
OBS0608,SRC0160,images/K (105).png,Coffee rust
OBS0609,SRC0160,images/K (106).png,Coffee rust
OBS0610,SRC0160,images/K (107).png,Coffee rust
OBS0611,SRC0160,images/K (108).png,Coffee rust
OBS0612,SRC0032,images/K (109).png,Coffee rust
OBS0613,SRC0052,images/K (11).jpg,Coffee rust
OBS0614,SRC0020,images/K (11).png,Coffee rust
OBS0615,SRC0032,images/K (110).png,Coffee rust
OBS0616,SRC0032,images/K (111).png,Coffee rust
OBS0617,SRC0032,images/K (112).png,Coffee rust
OBS0618,SRC0146,images/K (113).png,Coffee rust
OBS0619,SRC0146,images/K (114).png,Coffee rust
OBS0620,SRC0146,images/K (115).png,Coffee rust
OBS0621,SRC0146,images/K (116).png,Coffee rust
OBS0625,SRC0052,images/K (12).jpg,Coffee rust
OBS0626,SRC0020,images/K (12).png,Coffee rust
OBS0636,SRC0046,images/K (129).png,Coffee rust
OBS0637,SRC0060,images/K (13).jpg,Coffee rust
OBS0639,SRC0046,images/K (130).png,Coffee rust
OBS0640,SRC0046,images/K (131).png,Coffee rust
OBS0641,SRC0046,images/K (132).png,Coffee rust
OBS0642,SRC0129,images/K (133).png,Coffee rust
OBS0643,SRC0129,images/K (134).png,Coffee rust
OBS0644,SRC0129,images/K (135).png,Coffee rust
OBS0645,SRC0129,images/K (136).png,Coffee rust
OBS0646,SRC0229,images/K (137).png,Coffee rust
OBS0647,SRC0229,images/K (138).png,Coffee rust
OBS0648,SRC0229,images/K (139).png,Coffee rust
OBS0649,SRC0060,images/K (14).jpg,Coffee rust
OBS0651,SRC0229,images/K (140).png,Coffee rust
OBS0652,SRC0144,images/K (141).png,Coffee rust
OBS0653,SRC0144,images/K (142).png,Coffee rust
OBS0654,SRC0144,images/K (143).png,Coffee rust
OBS0655,SRC0144,images/K (144).png,Coffee rust
OBS0656,SRC0030,images/K (145).png,Coffee rust
OBS0657,SRC0030,images/K (146).png,Coffee rust
OBS0658,SRC0030,images/K (147).png,Coffee rust
OBS0659,SRC0030,images/K (148).png,Coffee rust
OBS0660,SRC0126,images/K (149).png,Coffee rust
OBS0661,SRC0060,images/K (15).jpg,Coffee rust
OBS0663,SRC0126,images/K (150).png,Coffee rust
OBS0664,SRC0158,images/K (16).jpg,Coffee rust
OBS0666,SRC0158,images/K (17).jpg,Coffee rust
OBS0667,SRC0177,images/K (17).png,Coffee rust
OBS0668,SRC0158,images/K (18).jpg,Coffee rust
OBS0669,SRC0177,images/K (18).png,Coffee rust
OBS0670,SRC0158,images/K (19).jpg,Coffee rust
OBS0671,SRC0177,images/K (19).png,Coffee rust
OBS0672,SRC0142,images/K (2).jpg,Coffee rust
OBS0674,SRC0083,images/K (20).jpg,Coffee rust
OBS0675,SRC0177,images/K (20).png,Coffee rust
OBS0676,SRC0083,images/K (21).jpg,Coffee rust
OBS0677,SRC0231,images/K (21).png,Coffee rust
OBS0678,SRC0083,images/K (22).jpg,Coffee rust
OBS0679,SRC0231,images/K (22).png,Coffee rust
OBS0680,SRC0076,images/K (23).jpg,Coffee rust
OBS0681,SRC0231,images/K (23).png,Coffee rust
OBS0682,SRC0076,images/K (24).jpg,Coffee rust
OBS0683,SRC0231,images/K (24).png,Coffee rust
OBS0684,SRC0076,images/K (25).jpg,Coffee rust
OBS0685,SRC0206,images/K (25).png,Coffee rust
OBS0686,SRC0024,images/K (26).jpg,Coffee rust
OBS0687,SRC0206,images/K (26).png,Coffee rust
OBS0688,SRC0024,images/K (27).jpg,Coffee rust
OBS0689,SRC0206,images/K (27).png,Coffee rust
OBS0691,SRC0206,images/K (28).png,Coffee rust
OBS0693,SRC0179,images/K (29).png,Coffee rust
OBS0694,SRC0142,images/K (3).jpg,Coffee rust
OBS0697,SRC0179,images/K (30).png,Coffee rust
OBS0699,SRC0179,images/K (31).png,Coffee rust
OBS0700,SRC0119,images/K (32).jpg,Coffee rust
OBS0701,SRC0179,images/K (32).png,Coffee rust
OBS0702,SRC0119,images/K (33).jpg,Coffee rust
OBS0703,SRC0028,images/K (33).png,Coffee rust
OBS0705,SRC0028,images/K (34).png,Coffee rust
OBS0707,SRC0028,images/K (35).png,Coffee rust
OBS0708,SRC0163,images/K (36).jpg,Coffee rust
OBS0709,SRC0028,images/K (36).png,Coffee rust
OBS0710,SRC0163,images/K (37).jpg,Coffee rust
OBS0711,SRC0189,images/K (37).png,Coffee rust
OBS0712,SRC0191,images/K (38).jpg,Coffee rust
OBS0713,SRC0189,images/K (38).png,Coffee rust
OBS0714,SRC0191,images/K (39).jpg,Coffee rust
OBS0715,SRC0189,images/K (39).png,Coffee rust
OBS0716,SRC0014,images/K (4).jpg,Coffee rust
OBS0718,SRC0036,images/K (40).jpg,Coffee rust
OBS0719,SRC0189,images/K (40).png,Coffee rust
OBS0720,SRC0036,images/K (41).jpg,Coffee rust
OBS0721,SRC0141,images/K (41).png,Coffee rust
OBS0722,SRC0117,images/K (42).jpg,Coffee rust
OBS0723,SRC0141,images/K (42).png,Coffee rust
OBS0724,SRC0117,images/K (43).jpg,Coffee rust
OBS0725,SRC0141,images/K (43).png,Coffee rust
OBS0726,SRC0017,images/K (44).jpg,Coffee rust
OBS0727,SRC0141,images/K (44).png,Coffee rust
OBS0728,SRC0017,images/K (45).jpg,Coffee rust
OBS0729,SRC0181,images/K (45).png,Coffee rust
OBS0731,SRC0181,images/K (46).png,Coffee rust
OBS0733,SRC0181,images/K (47).png,Coffee rust
OBS0734,SRC0095,images/K (48).jpg,Coffee rust
OBS0735,SRC0181,images/K (48).png,Coffee rust
OBS0736,SRC0095,images/K (49).jpg,Coffee rust
OBS0737,SRC0008,images/K (49).png,Coffee rust
OBS0738,SRC0014,images/K (5).jpg,Coffee rust
OBS0740,SRC0226,images/K (50).jpg,Coffee rust
OBS0741,SRC0008,images/K (50).png,Coffee rust
OBS0742,SRC0226,images/K (51).jpg,Coffee rust
OBS0743,SRC0008,images/K (51).png,Coffee rust
OBS0744,SRC0226,images/K (52).jpg,Coffee rust
OBS0745,SRC0008,images/K (52).png,Coffee rust
OBS0746,SRC0226,images/K (53).jpg,Coffee rust
OBS0747,SRC0091,images/K (53).png,Coffee rust
OBS0748,SRC0207,images/K (54).jpg,Coffee rust
OBS0749,SRC0091,images/K (54).png,Coffee rust
OBS0750,SRC0207,images/K (55).jpg,Coffee rust
OBS0751,SRC0091,images/K (55).png,Coffee rust
OBS0752,SRC0207,images/K (56).jpg,Coffee rust
OBS0753,SRC0091,images/K (56).png,Coffee rust
OBS0754,SRC0207,images/K (57).jpg,Coffee rust
OBS0760,SRC0014,images/K (6).jpg,Coffee rust
OBS0765,SRC0123,images/K (61).png,Coffee rust
OBS0766,SRC0088,images/K (62).jpg,Coffee rust
OBS0767,SRC0123,images/K (62).png,Coffee rust
OBS0768,SRC0088,images/K (63).jpg,Coffee rust
OBS0769,SRC0123,images/K (63).png,Coffee rust
OBS0770,SRC0088,images/K (64).jpg,Coffee rust
OBS0771,SRC0123,images/K (64).png,Coffee rust
OBS0772,SRC0175,images/K (65).jpg,Coffee rust
OBS0773,SRC0200,images/K (65).png,Coffee rust
OBS0774,SRC0175,images/K (66).jpg,Coffee rust
OBS0775,SRC0200,images/K (66).png,Coffee rust
OBS0776,SRC0175,images/K (67).jpg,Coffee rust
OBS0777,SRC0200,images/K (67).png,Coffee rust
OBS0778,SRC0110,images/K (68).jpg,Coffee rust
OBS0779,SRC0200,images/K (68).png,Coffee rust
OBS0780,SRC0110,images/K (69).jpg,Coffee rust
OBS0782,SRC0018,images/K (7).jpg,Coffee rust
OBS0784,SRC0013,images/K (70).jpg,Coffee rust
OBS0786,SRC0013,images/K (71).jpg,Coffee rust
OBS0788,SRC0111,images/K (72).jpg,Coffee rust
OBS0790,SRC0111,images/K (73).jpg,Coffee rust
OBS0791,SRC0054,images/K (73).png,Coffee rust
OBS0792,SRC0111,images/K (74).jpg,Coffee rust
OBS0793,SRC0054,images/K (74).png,Coffee rust
OBS0794,SRC0070,images/K (75).jpg,Coffee rust
OBS0795,SRC0054,images/K (75).png,Coffee rust
OBS0796,SRC0070,images/K (76).jpg,Coffee rust
OBS0797,SRC0054,images/K (76).png,Coffee rust
OBS0798,SRC0070,images/K (77).jpg,Coffee rust
OBS0799,SRC0225,images/K (77).png,Coffee rust
OBS0800,SRC0043,images/K (78).jpg,Coffee rust
OBS0801,SRC0225,images/K (78).png,Coffee rust
OBS0802,SRC0043,images/K (79).jpg,Coffee rust
OBS0803,SRC0225,images/K (79).png,Coffee rust
OBS0804,SRC0018,images/K (8).jpg,Coffee rust
OBS0806,SRC0043,images/K (80).jpg,Coffee rust
OBS0807,SRC0225,images/K (80).png,Coffee rust
OBS0808,SRC0043,images/K (81).jpg,Coffee rust
OBS0809,SRC0082,images/K (81).png,Coffee rust
OBS0810,SRC0124,images/K (82).jpg,Coffee rust
OBS0811,SRC0082,images/K (82).png,Coffee rust
OBS0812,SRC0124,images/K (83).jpg,Coffee rust
OBS0813,SRC0082,images/K (83).png,Coffee rust
OBS0814,SRC0124,images/K (84).jpg,Coffee rust
OBS0815,SRC0082,images/K (84).png,Coffee rust
OBS0817,SRC0026,images/K (85).png,Coffee rust
OBS0819,SRC0026,images/K (86).png,Coffee rust
OBS0821,SRC0026,images/K (87).png,Coffee rust
OBS0823,SRC0026,images/K (88).png,Coffee rust
OBS0824,SRC0073,images/K (89).jpg,Coffee rust
OBS0825,SRC0093,images/K (89).png,Coffee rust
OBS0826,SRC0018,images/K (9).jpg,Coffee rust
OBS0827,SRC0020,images/K (9).png,Coffee rust
OBS0828,SRC0073,images/K (90).jpg,Coffee rust
OBS0829,SRC0093,images/K (90).png,Coffee rust
OBS0830,SRC0073,images/K (91).jpg,Coffee rust
OBS0831,SRC0093,images/K (91).png,Coffee rust
OBS0832,SRC0073,images/K (92).jpg,Coffee rust
OBS0833,SRC0093,images/K (92).png,Coffee rust
OBS0834,SRC0183,images/K (93).png,Coffee rust
OBS0835,SRC0183,images/K (94).png,Coffee rust
OBS0836,SRC0183,images/K (95).png,Coffee rust
OBS0837,SRC0183,images/K (96).png,Coffee rust
OBS0838,SRC0143,images/K (97).png,Coffee rust
OBS0839,SRC0143,images/K (98).png,Coffee rust
OBS0840,SRC0143,images/K (99).png,Coffee rust
