source_id,source_content_sha256,label_canonical,split,n_original_records,representative_image,all_image_paths,n_distinct_sensor_triplets,rh_min,rh_max,soil_moisture_min,soil_moisture_max,ph_min,ph_max
SRC0001,008dcf2894693b2c13d575ad4ad9da91fac7cddef15954f3fc0b465b90f12b1a,Sooty mold,train,4,Ej (11).jpg,Ej (11).jpg; Ej (12).jpg; Ej (13).jpg; Ej (14).jpg,4,79.38,96.02,74.89,85.57,5.12,6.12
SRC0002,01cc228b19c1f1b7f64402262ff3a605e5df76ebfd8932e6a85051539c702c93,Coffee rust,validation,4,K (117).png,K (117).png; K (118).png; K (119).png; K (120).png,4,71.25,90.28,46.12,61.94,4.8,5.51
SRC0003,023b290bb2f12b60cd754a774f6b85095b0b93f62664785559f4439c5bb255b0,Leaf spot,train,2,B (61).png,B (61).png; B (62).png,2,77.74,80.89,59.74,68.6,5.35,5.56
SRC0004,024a13335e1488b0fccb0e1a943e81b0481d72ddf98a7e1c9f7baf6434598215,Healthy,train,5,Ds (142).png,Ds (142).png; Ds (144).png; Ds (146).png; Ds (148).png; Ds (150).png,5,63.98,71.77,57.59,71.15,5.93,6.95
SRC0005,045207b7af038adfc868702c7e649aabdeb904a3779b87b6715e92013a1fffb0,Healthy,train,8,Ds (110).png,Ds (110).png; Ds (112).png; Ds (114).png; Ds (116).png; Ds (118).png; Ds (120).png; Ds (122).png; Ds (124).png,8,60.95,83.22,59.04,71.2,5.36,7.6
SRC0006,07ca5e6fa475b57369a1d16f40f3f9cf4db0b360195c22105adbe4ad5e1ab005,Sooty mold,train,2,Ej (1).png,Ej (1).png; Ej (2).png,2,86.38,94.14,73.91,74.73,5.8,5.89
SRC0007,08202b66d08247a423e571085b9608e7ecd477c7e2a306d4f03dbe6477c91c08,Leaf spot,validation,1,B (83).jpg,B (83).jpg,1,81.29,81.29,60.49,60.49,6.44,6.44
SRC0008,09650e638811e5f28617406191a1e4232fec1f6ac1f7b75fb2ada76133b67b51,Coffee rust,train,4,K (49).png,K (49).png; K (50).png; K (51).png; K (52).png,4,69.36,86.49,43.7,56.46,4.54,5.53
SRC0009,09c878106eaf5a931dda0893d81a1adeb3b9ec5f972195c2c7488c68c76a1b3f,Leaf spot,train,2,B (14).jpg,B (14).jpg; B (33).jpg,2,85.56,88.53,49.1,58.28,5.06,5.5
SRC0010,0af6686a2da21e0597f710ea1978ba7b3270a2cf794cf990f78f3a8b2e8a7b4b,Leaf spot,train,2,B (19).jpg,B (19).jpg; B (20).jpg,2,65.3,85.54,54.71,58.54,5.91,6.1
SRC0011,0b033aaffff272c1599d93561c9b7ff2ccd360f1c4590fb54e9dc6dce7a04ae0,Leaf spot,train,2,B (63).png,B (63).png; B (64).png,2,78.59,88.53,51.42,66.7,6.24,6.4
SRC0012,0c07f85d9f1a0d941c8440060ad87a8ad0e1373163f0205ac9e6f3e3b6685891,Leaf spot,train,4,B (100).jpg,B (100).jpg; B (97).jpg; B (98).jpg; B (99).jpg,4,76.46,86.98,48.15,56.03,4.8,6.52
SRC0013,0c0f72715084e9b0e4e278b80aba7d0f1fa4a8701bdfea2d292994819c3d7f3a,Coffee rust,train,2,K (70).jpg,K (70).jpg; K (71).jpg,2,79.06,83.12,47.38,61.14,4.8,5.33
SRC0014,0cf510cb40833937800f1c362e2c3db64f183fdb611c5a7f278f63e43dade121,Coffee rust,train,3,K (4).jpg,K (4).jpg; K (5).jpg; K (6).jpg,3,84.11,89.56,46.98,53.73,4.22,5.53
SRC0015,0e3764b57080c34301d6fa281e878be5437952e504069a8823a1a4785a5f8d69,Sooty mold,train,4,Ej (3).png,Ej (3).png; Ej (4).png; Ej (5).png; Ej (6).png,4,82.72,93.73,67.47,88.45,5.75,6.61
SRC0016,10f20d76149427f95d9ae85b624f5fd9b1cc8609129fdbf433be87ca35e09d61,Leaf spot,train,1,B (7).jpg,B (7).jpg,1,79.45,79.45,49.14,49.14,5.72,5.72
SRC0017,132a50fe460a1f96e3a0c134ea206dfa579b9fbb7c23317dd2a16733a43d1dc7,Coffee rust,train,2,K (44).jpg,K (44).jpg; K (45).jpg,2,79.17,81.33,46.68,49.65,5.42,5.82
SRC0018,132d19efdd0133c4921f8f6d5804fd60c494c4d5bb964c94556cfa57a320fe33,Coffee rust,train,3,K (7).jpg,K (7).jpg; K (8).jpg; K (9).jpg,3,69.51,92.28,45.13,55.13,4.63,5.56
SRC0019,14868e12bb61204d4680f3f9fac12b0ea3f012ab19d4ed11bf92816f4499ff19,Leaf spot,train,2,B (105).png,B (105).png; B (106).png,2,67.1,80.31,46.41,65.32,5.44,6.43
SRC0020,14fa3d0b8c415d9e74e830e08b7b7c90882de31d793baf8d4dad18aa8f4aa2e2,Coffee rust,train,4,K (10).png,K (10).png; K (11).png; K (12).png; K (9).png,4,69.7,86.39,46.65,66.26,4.76,6.55
SRC0021,1522a7f7f912a1e02ed8981e72096d3401a185a2aef93f5c81ab18bbf228f911,Leaf spot,train,2,B (113).png,B (113).png; B (114).png,2,74.51,85.28,51.17,52.19,5.14,5.87
SRC0022,16bde79c57394c5fb80da7205ea0e4e02e6197d9450b37e9cb6b6394a510aca2,Leaf spot,validation,2,B (129).png,B (129).png; B (130).png,2,80.64,84.61,52.43,57.96,5.53,5.64
SRC0023,1789ae453ba022519d9834eac1dfffb7782e054ef34097bf866524cc48c46ff1,Leaf spot,validation,2,B (125).png,B (125).png; B (126).png,2,75.07,80.96,55.6,63.65,5.38,6.08
SRC0024,17b325a72cd0b1f0475f7ccffb12281aedf18f104554312d60f238178b0e50e1,Coffee rust,train,2,K (26).jpg,K (26).jpg; K (27).jpg,2,77.17,85.65,57.24,63.29,4.36,5.8
SRC0025,18551f81e7afa40faee5ae6e528a51b94e5512b791f8f7fec6bdebf482c1103a,Leaf spot,train,4,B (51).jpg,B (51).jpg; B (52).jpg; B (53).jpg; B (54).jpg,4,78.3,88.41,34.84,56.44,5.27,6.09
SRC0026,1908652eee74270e8d28b6cfa317fd5ac7c033f94ae115b50514235bdff62682,Coffee rust,train,4,K (85).png,K (85).png; K (86).png; K (87).png; K (88).png,4,77.26,93.5,32.57,62.48,4.91,5.48
SRC0027,1a6b042686b3f120ffa60e942b254da0d3851c0caae021afcc026eeff816d139,Leaf spot,train,1,B (35).jpg,B (35).jpg,1,78.87,78.87,49.75,49.75,5.28,5.28
SRC0028,1c0cc2b2db6879fd45028408d0933279d776e1539d73c8d2bc7cdc441fbdafae,Coffee rust,train,4,K (33).png,K (33).png; K (34).png; K (35).png; K (36).png,4,66.54,78.13,47.45,64.96,5.19,5.62
SRC0029,1c5f03f717ea02947f98349f093a85ef2dfaa05adf9f8e3686a3da06619a7e63,Leaf spot,train,2,B (17).jpg,B (17).jpg; B (18).jpg,2,90.02,95.81,55.54,63.83,4.78,5.68
SRC0030,1ce7c199ef319293388e0b0ba902b5e3f329d27f6566d7e07fc17e1bedd7215a,Coffee rust,train,4,K (145).png,K (145).png; K (146).png; K (147).png; K (148).png,4,78.1,82.33,56.31,61.13,5.03,5.34
SRC0031,1eb51a41dca21bd0f8a1c0814f5b30c766b4f2a5269aa8239a30d3ccd372b3c3,Healthy,train,3,Ds (7).jpg,Ds (7).jpg; Ds (8).jpg; Ds (9).jpg,3,63.22,72.32,52.15,62.68,6.48,6.58
SRC0032,1f4a5dba120f0547358f21f5f526b5135c2f8e580fe0d5143dcb500cded76ee5,Coffee rust,train,4,K (109).png,K (109).png; K (110).png; K (111).png; K (112).png,4,78.01,94.85,35.65,64.37,5.0,5.67
SRC0033,2051b9f27dc9d6b31482afe02fa01eb0947a6eaa08d070b2e266169a04149c81,Sooty mold,train,4,Ej (10).png,Ej (10).png; Ej (7).png; Ej (8).png; Ej (9).png,4,74.13,92.0,64.81,82.12,5.2,6.46
SRC0034,20666fe857278444210f7d120dd95c126161bddfef3ede014c8b126501b70237,Leaf spot,train,2,B (23).jpg,B (23).jpg; B (24).jpg,2,79.75,89.05,46.46,50.85,5.31,5.48
SRC0035,24b8cc1822c3510db55c58b0ab12c0257c1d0fccc3633fa8913a8729d8a290b0,Leaf spot,validation,2,B (121).png,B (121).png; B (122).png,2,72.3,86.18,51.87,62.76,5.6,5.69
SRC0036,24cd17c8c131b1d1a0779b49f9cf07b8ce544fa527abd9f52c9d87fd677d1eba,Coffee rust,train,2,K (40).jpg,K (40).jpg; K (41).jpg,2,77.54,77.76,47.19,48.29,4.86,5.3
SRC0037,26af757f36990c46dc47f861ff3724f7af08b1661033f20467def2134ad33aee,Leaf spot,train,4,B (85).jpg,B (85).jpg; B (86).jpg; B (87).jpg; B (88).jpg,4,68.0,93.92,29.5,56.26,5.16,6.0
SRC0038,27fb2575cfe5d07d514f5d588b01a54df65da456da472ecaa8bdd369be75d578,Leaf spot,train,1,B (3).jpg,B (3).jpg,1,78.42,78.42,49.56,49.56,4.95,4.95
SRC0039,28c032f6539d05794218dd3cf74527703d4e34bfc9cf75d61787393dfac62e2c,Coffee rust,validation,4,K (1).png,K (1).png; K (2).png; K (3).png; K (4).png,4,75.9,83.04,49.44,59.39,4.66,5.67
SRC0040,29e4bf06385d86774c0be1bd1c561688a015607da57e0a0992ffd2a018ec6a57,Coffee rust,validation,2,K (28).jpg,K (28).jpg; K (29).jpg,2,80.22,90.44,40.2,42.43,5.09,5.63
SRC0041,2be1a8e32514f76e9c25db24a9e014b7368f54dd43b3acbc011bdea3c423dc29,Sooty mold,train,3,Ej (15).jpg,Ej (15).jpg; Ej (16).jpg; Ej (17).jpg,3,87.86,93.19,69.47,82.81,5.64,6.37
SRC0042,2be6b4c798b1171f32167fe7102df4f315ef1e7eca548b6452ed26859ebf9e48,Sooty mold,train,6,Ej (120).png,Ej (120).png; Ej (121).png; Ej (125).png; Ej (126).png; Ej (127).png; Ej (128).png,6,80.26,98.0,64.95,94.23,4.77,6.03
SRC0043,2dbe0e7fc64935a4463a2762c18bd6eadfd078df0e7797df963d720a1b0d5e50,Coffee rust,train,4,K (78).jpg,K (78).jpg; K (79).jpg; K (80).jpg; K (81).jpg,4,72.1,81.67,44.87,61.27,5.11,5.97
SRC0044,2eec58e1d7d7deee200d689cde84ed03e3390453c4e01c3d0e0aa363588389fd,Sooty mold,validation,3,Ej (130).png,Ej (130).png; Ej (131).png; Ej (132).png,3,81.35,97.55,64.35,82.77,5.96,6.29
SRC0045,314cb3f43a23caddaf24c5e15207dee109e800c6883bbc2ceba028123a33dd9b,Healthy,train,8,Ds (126).png,Ds (126).png; Ds (128).png; Ds (130).png; Ds (132).png; Ds (134).png; Ds (136).png; Ds (138).png; Ds (140).png,8,53.22,77.05,50.92,75.08,6.09,6.97
SRC0046,339806d265fd09a6fbe4c18f31274821bdeed6825c0ae740ea9b3c64b049d357,Coffee rust,train,4,K (129).png,K (129).png; K (130).png; K (131).png; K (132).png,4,66.06,79.08,46.68,58.83,4.61,5.41
SRC0047,33dd269a599b54213f0ce4c773aa40b7ad58bf4d3eed8c6f9a92712ce32a4b93,Leaf spot,train,4,B (89).jpg,B (89).jpg; B (90).jpg; B (91).jpg; B (92).jpg,4,78.09,91.03,43.99,56.94,5.21,5.53
SRC0048,3505d114b1dc0a2f1adb10363085afd3e8c7f49f722e142da9a55df6b5481f7a,Leaf spot,train,2,B (27).jpg,B (27).jpg; B (28).jpg,2,68.81,83.03,41.61,48.4,4.99,5.53
SRC0049,36ff6c14d8497dd65f65d0ad003ce66f032214e44021cd4a457ec197f007cebd,Healthy,train,5,Ds (101).png,Ds (101).png; Ds (103).png; Ds (83).png; Ds (87).png; Ds (97).png,5,61.22,75.65,55.79,72.43,6.11,6.7
SRC0050,371ea4f81526b6849e11318524c97b904ddc71a4e1ecb0741da70880ac18957c,Healthy,validation,8,Ds (105).png,Ds (105).png; Ds (107).png; Ds (109).png; Ds (85).png; Ds (89).png; Ds (93).png; Ds (95).png; Ds (99).png,8,48.76,77.49,55.44,75.99,5.59,6.93
SRC0051,37c1ddd27276fe100eb596ec8662ae3b69c7fb6f22b640d61d658f136de69a48,Leaf spot,train,1,B (73).jpg,B (73).jpg,1,82.66,82.66,57.99,57.99,5.92,5.92
SRC0052,37f8fcbdcd5eb4e094d8bb170eb8481a56e73ce6a14d1033b4aa7b27ff80ac34,Coffee rust,train,3,K (10).jpg,K (10).jpg; K (11).jpg; K (12).jpg,3,77.97,89.91,49.8,56.95,4.3,6.17
SRC0053,39a1b07018fad0b62efa032da710efbf07ce3efea5418a0de84156fe6419c06c,Sooty mold,train,9,Ej (148).png,Ej (148).png; Ej (149).png; Ej (90).png; Ej (91).png; Ej (92).png; Ej (93).png; Ej (94).png; Ej (95).png; Ej (96).png,9,86.25,98.0,67.59,84.17,5.4,6.37
SRC0054,39ac0b37f2e516fcba0d1bca2a7a21e188a2e7dd3e52d582e9116e7dd2fbb2ca,Coffee rust,train,4,K (73).png,K (73).png; K (74).png; K (75).png; K (76).png,4,76.22,83.66,45.99,56.76,4.77,5.73
SRC0055,3bb41c4608b8d512a2c783baee146ccf3fd0942141da623c9deaacea31a47b08,Sooty mold,train,16,Ej (133).png,Ej (133).png; Ej (134).png; Ej (135).png; Ej (136).png; Ej (137).png; Ej (138).png; Ej (144).png; Ej (145).png; Ej (63).png; Ej (64).png; Ej (65).png; Ej (66).png; Ej (67).png; Ej (68).png; Ej (69).png; Ej (70).png,16,84.09,98.0,59.37,92.07,5.18,6.58
SRC0056,3c57e5cfa5a921ad001501b0c33424715c894ee9a0d3a22447e98c77aa287156,Coffee rust,train,4,K (101).png,K (101).png; K (102).png; K (103).png; K (104).png,4,75.59,95.91,43.51,48.79,4.73,5.49
SRC0057,3fa67f37d0109961ecf05ecd97fdaf15c23275891d12d6e7b3c2f2ea1fc4aca4,Healthy,validation,4,Ds (129).png,Ds (129).png; Ds (135).png; Ds (139).png; Ds (141).png,4,60.69,74.56,56.34,63.26,5.75,6.73
SRC0058,4380227b5332769b84c1c8ed4044ea99ba99678ee552557ac7e7349e918db9ac,Leaf spot,train,2,B (141).png,B (141).png; B (142).png,2,72.92,76.14,51.82,53.07,4.88,5.2
SRC0059,440718ebf928bb8a0e0a15f2375788a0bea13b759788945e591236e94c92ae46,Leaf spot,train,2,B (135).png,B (135).png; B (136).png,2,71.06,82.79,51.21,54.72,5.8,6.23
SRC0060,441b10e8f33d9695341f6a8d56c716fd3afe8366be49b0105fd0c9c12d33e85a,Coffee rust,train,3,K (13).jpg,K (13).jpg; K (14).jpg; K (15).jpg,3,72.94,83.29,40.74,58.28,5.43,5.44
SRC0061,44caa2fc8edb2d369dfcf9c46185508f7e053b8075e1da70f5d4f8fd0b76e622,Leaf spot,train,2,B (143).png,B (143).png; B (144).png,2,85.96,87.82,51.06,56.58,6.07,6.11
SRC0062,44e3cb4325f6440b7e8adcf8db6c5b4ef48969d0ac7da082e94fffc66b41daad,Coffee rust,validation,2,K (34).jpg,K (34).jpg; K (35).jpg,2,74.7,80.31,44.3,53.01,4.87,4.98
SRC0063,4671701849b4354961126aaa340588722c5e0ae1e25f7bbcabed0e86c4b54d33,Leaf spot,train,2,B (131).png,B (131).png; B (132).png,2,69.47,76.23,54.81,64.19,5.44,6.18
SRC0064,482ca7abb20f3249d1eb11f151b7b82718e61a0dea75fb29c1a7158f86bc48b0,Leaf spot,train,2,B (4).png,B (4).png; B (9).png,2,80.9,95.77,53.31,57.33,5.02,5.6
SRC0065,4c19f89d77d3bc7c8f8310ee3ca6c3269297f312ecd44c52ac945511b5b61280,Healthy,train,6,Ds (58).jpg,Ds (58).jpg; Ds (59).jpg; Ds (60).jpg; Ds (61).jpg; Ds (62).jpg; Ds (63).jpg,6,64.46,82.75,59.7,70.96,5.88,6.49
SRC0066,4caf7f47922a510253d923729c50e1559b08d28fa0dd91461db0ddb08995c465,Healthy,train,9,Ds (70).jpg,Ds (70).jpg; Ds (71).jpg; Ds (72).jpg; Ds (73).jpg; Ds (74).jpg; Ds (75).jpg; Ds (76).jpg; Ds (77).jpg; Ds (78).jpg,9,63.7,86.62,53.33,76.75,5.82,6.65
SRC0067,4f670b84a766a4be8ff7dc2f45f5dd5257104249cefba56ea9271ceb12d44489,Leaf spot,validation,2,B (39).jpg,B (39).jpg; B (40).jpg,2,69.51,88.16,52.62,59.31,4.53,5.61
SRC0068,4fea587db2d04e6361571c9f3f175764f0d3f135aa01b08f923ddaa711747a53,Coffee rust,validation,4,K (121).png,K (121).png; K (122).png; K (123).png; K (124).png,4,64.89,84.33,42.38,57.39,5.14,5.8
SRC0069,5183b9cdcb9cd47464d27561d352c90873c5f18d5a86238d00861dc0ada2ae31,Leaf spot,train,2,B (32).jpg,B (32).jpg; B (34).jpg,2,83.03,86.89,44.13,52.78,4.66,5.97
SRC0070,5237a2cc83cf33e77c49bfcf16bc70c1b35631da16e16e2093b818208c8f2eb3,Coffee rust,train,3,K (75).jpg,K (75).jpg; K (76).jpg; K (77).jpg,3,73.89,87.09,46.72,60.09,4.71,5.62
SRC0071,5266aa4fdf0d8097f903c980e25d49cd11b528964eee616885ca30603ad7058f,Healthy,train,3,Ds (10).jpg,Ds (10).jpg; Ds (11).jpg; Ds (12).jpg,3,56.6,72.67,60.56,78.14,5.25,7.31
SRC0072,53aaf229279b4be690777f738c7c40e5e5e0d5e61f60ddd8e7f8a16918575134,Leaf spot,train,2,B (11).jpg,B (11).jpg; B (12).jpg,2,70.58,95.09,49.52,51.56,5.5,5.51
SRC0073,53b3381cdcfca3d943a8f48832ccfa2ddaf1c81d83ca480604d1174401ad540d,Coffee rust,train,4,K (89).jpg,K (89).jpg; K (90).jpg; K (91).jpg; K (92).jpg,4,72.51,80.94,44.1,54.85,4.49,5.53
SRC0074,5714a55d495bdc89716dd4794372f736d2d79bdd941d57f522db8adb3f4ec6a0,Sooty mold,train,5,Ej (21).png,Ej (21).png; Ej (27).png; Ej (87).png; Ej (88).png; Ej (89).png,5,85.34,98.0,66.62,88.87,5.19,6.59
SRC0075,586327cce1508de3368806cb510c0cb2375e978cd58b4efaacd92c1fcc2f9b86,Leaf spot,train,10,B (26).png,B (26).png; B (27).png; B (28).png; B (29).png; B (30).png; B (31).png; B (32).png; B (33).png; B (34).png; B (35).png,10,68.73,91.67,39.58,68.63,4.37,5.83
SRC0076,59412c0e7eee92f636e85e5a54390fef5215c144ff2886930550d23316a1a3d6,Coffee rust,train,3,K (23).jpg,K (23).jpg; K (24).jpg; K (25).jpg,3,68.69,84.63,43.88,60.08,4.65,5.64
SRC0077,59cea31d8d7294f01a32ae7d8b4a7d603503b116876cc1a4e094ccfbeb83e330,Healthy,train,3,Ds (1).jpg,Ds (1).jpg; Ds (2).jpg; Ds (3).jpg,3,64.25,78.6,59.86,72.97,6.21,7.03
SRC0078,5aeda5a553a9529cb3f831f09e4abbb255af062a5241a49348e8c0436c34a3f3,Healthy,train,2,Ds (143).png,Ds (143).png; Ds (147).png,2,77.03,79.94,52.27,60.44,5.95,6.86
SRC0079,5b0546b67de961fc0393c80d2e10e1167c82ac7ca8b54a701d304496256435f3,Leaf spot,validation,1,B (78).jpg,B (78).jpg,1,80.19,80.19,53.35,53.35,5.52,5.52
SRC0080,5c0a4a8822b60af3eae8c0efa9d9d74cd3ff467963b05eca9e972af6a7c747aa,Leaf spot,train,2,B (29).jpg,B (29).jpg; B (36).jpg,2,80.04,94.89,59.83,61.3,5.43,5.83
SRC0081,5dce6c49d8a6fbcebe4f97e17c6c92b6dde32cf1824fbf392eb009649d6bdf63,Leaf spot,train,2,B (101).png,B (101).png; B (102).png,2,84.25,86.16,49.47,65.88,5.11,5.55
SRC0082,5f4588abdbfdf6493eed791625c5bd79fcc34f6f316a9e01fc3aae332c3dbd28,Coffee rust,train,4,K (81).png,K (81).png; K (82).png; K (83).png; K (84).png,4,79.22,88.57,50.32,61.82,4.55,5.38
SRC0083,5fa3d0f6b9994608f3a7f9fefa9ad6ef279555d50a8dce42af177bd84bd5d5d6,Coffee rust,train,3,K (20).jpg,K (20).jpg; K (21).jpg; K (22).jpg,3,72.28,91.48,42.54,54.28,4.57,5.51
SRC0084,5fad67b3b32067de8c80f50063cf2a27342ed33048b479e5122c8737aa94b5ed,Leaf spot,validation,2,B (111).png,B (111).png; B (112).png,2,77.62,79.71,65.08,66.39,5.54,5.84
SRC0085,6060dd842265507be58990cea81067f399e567ad320e05a69bad84b1c150a6fe,Coffee rust,validation,4,K (13).png,K (13).png; K (14).png; K (15).png; K (16).png,4,75.8,83.37,43.62,57.7,4.31,5.5
SRC0086,60c323ef7c46f76e95c9bdccfd5be09e2a1468517c8fb705e88b620af050ea59,Leaf spot,train,3,B (55).jpg,B (55).jpg; B (56).jpg; B (57).jpg,3,76.73,89.81,48.03,60.41,5.48,5.97
SRC0087,61cf6c89631cf631afa7953416171d8124147254f026ebdebacf2c8819aa527d,Leaf spot,train,1,B (5).jpg,B (5).jpg,1,80.25,80.25,48.12,48.12,5.44,5.44
SRC0088,62274f5516be9728f23cca03c757b9c856fb8182dd4c7924dc8afb985d9a6a83,Coffee rust,train,3,K (62).jpg,K (62).jpg; K (63).jpg; K (64).jpg,3,70.5,92.33,41.77,61.17,4.76,5.04
SRC0089,62277b44b6f613d4e6fc9e3c6280c44744ecf32c66db5287f2802caf162434dd,Leaf spot,train,2,B (65).png,B (65).png; B (66).png,2,83.2,90.66,54.37,56.46,5.3,5.92
SRC0090,6228b807ad67bb91dc5a6cfd3dcbf18cba33344efef655cb8fc7abfdad0cd14c,Leaf spot,train,2,B (15).jpg,B (15).jpg; B (16).jpg,2,79.78,89.96,54.56,61.11,5.76,5.94
SRC0091,62aa516315ad34b9baa09bfee68f7ab45010e43e4c83b6d1afc2c366bc314f93,Coffee rust,train,4,K (53).png,K (53).png; K (54).png; K (55).png; K (56).png,4,69.84,78.73,45.31,52.71,5.05,5.56
SRC0092,65079fd9283fb9d34d45f2785aba6963e030d2f8c91c397fee2ef99eff11396a,Leaf spot,train,2,B (109).png,B (109).png; B (110).png,2,77.48,79.74,39.96,52.63,5.49,5.8
SRC0093,66e0342a7e902dbb8bdf3b5dee55a521a57ef3da3c622fd965b944f0144837cc,Coffee rust,train,4,K (89).png,K (89).png; K (90).png; K (91).png; K (92).png,4,68.83,80.29,46.28,60.93,4.53,5.64
SRC0094,697de0654ec5df2baaacf5820b980111db245d8bd04095a98bb3a6fe43fc3b52,Leaf spot,train,1,B (6).jpg,B (6).jpg,1,83.86,83.86,55.4,55.4,4.79,4.79
SRC0095,69fc8904a83e2fc59a214093751ef1142b9babcd217042c05142639956de6bb3,Coffee rust,train,2,K (48).jpg,K (48).jpg; K (49).jpg,2,67.35,86.33,45.97,48.29,4.55,5.45
SRC0096,6bcb0200d98de9062d779d03d48c3d8649c1e0b1e653e2dcb0d452e46e81b04d,Leaf spot,train,2,B (91).png,B (91).png; B (92).png,2,67.13,76.84,43.7,66.05,5.38,5.7
SRC0097,6c81fc7a4316c644f82d6aae5ba47168c16a15d0af1c3003102bf95fd6181818,Leaf spot,validation,2,B (133).png,B (133).png; B (134).png,2,78.28,87.14,49.63,60.52,5.63,5.77
SRC0098,6c8e0afcfaf5837d39f0373d8c57d7652e8989d8ed07ba174ddda07b287790d7,Healthy,train,4,Ds (127).png,Ds (127).png; Ds (131).png; Ds (133).png; Ds (137).png,4,61.29,79.96,60.99,77.6,4.86,7.08
SRC0099,6d22b37e153520bd50c053ccf5bd4ce6e89ba849fce890e5055a444b8e5605c3,Healthy,train,2,Ds (115).png,Ds (115).png; Ds (119).png,2,63.88,76.2,63.83,68.11,6.89,6.93
SRC0100,6d38de8f3df8a1ceb7525497e01220c5f8c010dc0997055ec5f220889b7545b9,Leaf spot,train,2,B (117).png,B (117).png; B (118).png,2,76.9,81.84,54.53,68.94,5.09,5.65
SRC0101,6d491677544fe8aa0b6881c52caf21c93e50cde27b1eef6ffbc5538d33e71f35,Healthy,train,18,Ds (100).png,Ds (100).png; Ds (102).png; Ds (104).png; Ds (106).png; Ds (108).png; Ds (79).png; Ds (80).png; Ds (81).png; Ds (82).png; Ds (84).png; Ds (86).png; Ds (88).png; Ds (90).png; Ds (91).png; Ds (92).png; Ds (94).png; Ds (96).png; Ds (98).png,18,58.16,81.74,40.99,84.4,5.41,7.16
SRC0102,6eef978d250a68dfe7f6fcc5a363485867b91884a021b1fa9bf224a7139fe007,Leaf spot,train,2,B (83).png,B (83).png; B (84).png,2,78.73,96.25,51.81,61.89,5.65,5.93
SRC0103,707f014c9f68227e19b14b19e354c5bab29d9018a241d5f4e6be9b64092c86e5,Sooty mold,train,4,Ej (25).jpg,Ej (25).jpg; Ej (26).jpg; Ej (27).jpg; Ej (28).jpg,4,92.49,98.0,63.62,88.33,5.38,6.64
SRC0104,70ebafa2d302b84e21eab56db390da03508425f777c377de23e0264fc373f7ee,Leaf spot,train,2,B (81).png,B (81).png; B (82).png,2,77.85,80.08,46.69,51.81,5.14,5.24
SRC0105,71b8cc7312ff69243327712c3377622d5f52091568989f1d0c2f3f13e0c833c6,Leaf spot,train,2,B (127).png,B (127).png; B (128).png,2,80.1,90.07,45.83,72.39,5.38,5.65
SRC0106,734919706e08ff15aecb434f1ca3b85b702123226885d73ac3b5c1bb435bec7c,Leaf spot,train,2,B (115).png,B (115).png; B (116).png,2,73.75,86.05,50.02,52.48,6.09,6.1
SRC0107,73b6931c9266367d39e880d6ba9f4855ce6d916ed4a25acab6b830f7ae2889ad,Coffee rust,validation,4,K (125).png,K (125).png; K (126).png; K (127).png; K (128).png,4,75.27,86.78,41.22,51.09,5.12,6.08
SRC0108,754d696e452cbdb084a24aa91dde81863ab1ccec23bf69aad1f3f250d0dd8e5c,Coffee rust,validation,4,K (57).png,K (57).png; K (58).png; K (59).png; K (60).png,4,76.86,98.0,34.63,54.63,4.56,5.3
SRC0109,765b0cc336fb8680ece5bd3db3f9c8668352cfe1fdbeda6c0efa8383a795e568,Leaf spot,train,4,B (101).jpg,B (101).jpg; B (102).jpg; B (103).jpg; B (104).jpg,4,79.05,92.15,43.84,51.79,5.42,6.07
SRC0110,769fef40429b8f884453ba12d4939708f1dabc1da1829106482a96c069d24822,Coffee rust,train,2,K (68).jpg,K (68).jpg; K (69).jpg,2,73.93,82.35,46.54,54.55,5.32,5.35
SRC0111,77da8e7ec8046b755d051d431928ab7fe3d0f1d3b40d3dd982c3ac68cf1a99b7,Coffee rust,train,3,K (72).jpg,K (72).jpg; K (73).jpg; K (74).jpg,3,69.23,81.78,46.56,56.99,5.16,6.1
SRC0112,78fe444d753728dfcf7d1dbe402743b21669943c552e3e771e316f6eaac28d09,Sooty mold,train,8,Ej (104).png,Ej (104).png; Ej (105).png; Ej (106).png; Ej (107).png; Ej (108).png; Ej (109).png; Ej (116).png; Ej (117).png,8,80.94,98.0,62.77,88.04,5.5,7.03
SRC0113,7904286752d56b516c31d534a6ab9dd19bdb3f35bda1e3ce06d55b87174f545a,Leaf spot,train,2,B (41).jpg,B (41).jpg; B (42).jpg,2,80.59,95.11,64.81,65.0,4.51,6.04
SRC0114,7a12ddd880d25f5f0db62bc1566b39fa1f87aa199b744303747ee2d1a1856993,Leaf spot,train,4,B (47).jpg,B (47).jpg; B (48).jpg; B (49).jpg; B (50).jpg,4,72.96,90.95,40.2,58.67,5.28,5.98
SRC0115,7aadd65072700ffda44d549cf1357307d38f9cfbc99d2497f5ece8a8bd98f56a,Leaf spot,train,1,B (8).png,B (8).png,1,88.13,88.13,51.88,51.88,5.81,5.81
SRC0116,7de6656396e55226466e79929876e1f9cb1d96f8f600e014e055b5ed650fd005,Sooty mold,train,15,Ej (139).png,Ej (139).png; Ej (140).png; Ej (141).png; Ej (142).png; Ej (143).png; Ej (146).png; Ej (147).png; Ej (71).png; Ej (72).png; Ej (73).png; Ej (74).png; Ej (75).png; Ej (76).png; Ej (77).png; Ej (78).png,15,79.36,98.0,66.34,84.02,5.3,6.98
SRC0117,7ffd3e42792984fe8cb1d2b2d1ba00e1cb201c8be13f5b0be59a59252f168aed,Coffee rust,train,2,K (42).jpg,K (42).jpg; K (43).jpg,2,71.45,82.76,45.38,57.93,4.81,5.47
SRC0118,8148cbba29e5a795673a05d49727f884adf9500960ab0ffce6205db7a4e49dc0,Leaf spot,validation,2,B (137).png,B (137).png; B (138).png,2,79.91,88.28,54.73,60.16,5.2,5.21
SRC0119,8152ebd57b1ca7112be165a0ab474303d205298f56158cb9fb937cf3fd9b3497,Coffee rust,train,2,K (32).jpg,K (32).jpg; K (33).jpg,2,79.51,88.08,34.51,64.66,4.63,5.22
SRC0120,81c7a0de85f9e9008b7d8b593a705bfed3e48107414515c79a383d8937376aeb,Leaf spot,validation,1,B (4).jpg,B (4).jpg,1,77.0,77.0,65.05,65.05,5.44,5.44
SRC0121,84946b1bacb8cf7be655fefa3faf5d256e74d663472e18c160812d8f4c59e4fe,Sooty mold,validation,8,Ej (110).png,Ej (110).png; Ej (111).png; Ej (112).png; Ej (113).png; Ej (114).png; Ej (115).png; Ej (118).png; Ej (119).png,8,89.52,98.0,70.72,82.61,5.15,6.7
SRC0122,85c5cd52950831c0ebd21b84ee9caf63536160c56faec9a234705fbfca70c423,Leaf spot,train,2,B (10).jpg,B (10).jpg; B (9).jpg,2,81.59,82.73,48.36,51.25,5.21,6.63
SRC0123,87d7d8981bfe6b8d29fda68f8165acceb69f1b884f573c30246d0162eb5da053,Coffee rust,train,4,K (61).png,K (61).png; K (62).png; K (63).png; K (64).png,4,75.74,84.33,47.51,51.97,4.59,5.43
SRC0124,88309e24cd57b39aa8431147ecf6a3572a2837e620d3768a34c326176f5b7d59,Coffee rust,train,3,K (82).jpg,K (82).jpg; K (83).jpg; K (84).jpg,3,74.74,77.79,48.68,65.66,4.48,5.82
SRC0125,8a53386bacc188c15719d764064a1d50bd6d52df0eeb8fbd2421666b593e2132,Sooty mold,train,1,Ej (150).png,Ej (150).png,1,94.26,94.26,71.31,71.31,5.72,5.72
SRC0126,8a595ee569cf856b900d65c7b69182d6578561f9eb3f51d32f034a3033095327,Coffee rust,train,2,K (149).png,K (149).png; K (150).png,2,77.93,81.34,45.15,57.7,5.02,5.34
SRC0127,8c24615efc73cef3f73ecd1e491c40fb007492b6b8658f8fc42d2dc6065fc167,Sooty mold,validation,4,Ej (100).png,Ej (100).png; Ej (97).png; Ej (98).png; Ej (99).png,4,86.78,91.84,70.32,86.57,5.5,6.18
SRC0128,8c47ce7ae8336bd8a1202b7814cca8bafe201c6b62ced86486f12bb6323d23a8,Leaf spot,train,4,B (43).jpg,B (43).jpg; B (44).jpg; B (45).jpg; B (46).jpg,4,76.33,96.13,38.61,45.98,4.81,6.23
SRC0129,8f243d41aa7253b9097f30bb4776ee05bee6d5ac2353883644e504ed494e397e,Coffee rust,train,4,K (133).png,K (133).png; K (134).png; K (135).png; K (136).png,4,65.81,89.05,48.62,61.56,5.24,5.93
SRC0130,8fd815ecd9f14755723e5d75424ce9663bde3f1181482f21d736f704eb0b4687,Leaf spot,train,2,B (37).jpg,B (37).jpg; B (38).jpg,2,78.11,85.5,56.56,60.61,4.89,4.95
SRC0131,8fe277ce849a8937ba1544b05c819b74e57f7d38cf7098bb865a40610237e558,Leaf spot,validation,5,B (1).png,B (1).png; B (23).png; B (3).png; B (5).png; B (7).png,5,69.27,89.08,43.99,56.89,4.95,6.61
SRC0132,90a911cdd20e5a81fef3b47654cb4ee976a02127e1c759023854b010afcc18fd,Leaf spot,train,2,B (71).png,B (71).png; B (72).png,2,80.71,83.56,47.15,58.86,5.4,6.23
SRC0133,90f29f5c948c0cbb1ef311d172703b10b4bcd73de6e515ec3c68569b4a9fec56,Leaf spot,train,2,B (75).png,B (75).png; B (76).png,2,81.85,86.9,57.65,60.74,4.99,5.75
SRC0134,93b8f7793750af49bf47a1f21eacc5b40bcb6c3c80cedd994d9ccfa65bbdb167,Sooty mold,train,4,Ej (39).png,Ej (39).png; Ej (40).png; Ej (41).png; Ej (42).png,4,77.04,96.17,70.21,80.59,5.05,6.44
SRC0135,93deab2b9b015f9a208839c169620ed379b8da8792b017385b6dc17d7e0db1b0,Leaf spot,train,2,B (119).png,B (119).png; B (120).png,2,72.09,75.17,42.56,52.98,6.03,6.23
SRC0136,95d7be2b0441414ea13d469d4b0756b95897fdfc1ce9c89f0e683f792572cab7,Coffee rust,validation,2,K (46).jpg,K (46).jpg; K (47).jpg,2,73.68,76.83,38.85,49.66,4.71,5.81
SRC0137,95e22bd27d90ca32efae72d5e5882f61bd71f84cc8cdfee84baff0d40faedf77,Leaf spot,validation,2,B (139).png,B (139).png; B (140).png,2,79.65,91.57,54.43,61.55,4.6,5.36
SRC0138,97fbd28f76646ff60dbaa3e7bb9f3d6c2f3b4ea88f6ce0fb6981e1074c62577e,Coffee rust,validation,4,K (5).png,K (5).png; K (6).png; K (7).png; K (8).png,4,73.55,92.37,39.34,55.23,4.9,5.93
SRC0139,987b4d985ff1035f41939f352810630725f8ebc89451618a5882e9bd51c1a728,Leaf spot,train,2,B (67).png,B (67).png; B (68).png,2,72.06,81.52,53.56,63.84,5.92,6.4
SRC0140,9b7f497bb90f1e998f63c62b2c9d9d30b3f638f628cf2a997ad1b50a133d6ba2,Healthy,train,2,Ds (145).png,Ds (145).png; Ds (149).png,2,70.1,71.81,60.97,68.58,5.94,6.81
SRC0141,9ca756c703239e77b10b4e09804c0d392a91c50e6d2035127d5fa66de4e02179,Coffee rust,train,4,K (41).png,K (41).png; K (42).png; K (43).png; K (44).png,4,71.95,82.86,31.38,58.49,4.47,5.76
SRC0142,9e2bc47782e6d66cbe757e1c067db8fecd05a6c11a82ac67dcbca4df37b67a1a,Coffee rust,train,3,K (1).jpg,K (1).jpg; K (2).jpg; K (3).jpg,3,62.77,85.95,45.28,49.95,5.16,5.56
SRC0143,9e44391b17333c04da623bef5873675b7369ef68b65acfe1430a41bc23486114,Coffee rust,train,4,K (100).png,K (100).png; K (97).png; K (98).png; K (99).png,4,76.46,87.04,48.85,60.83,4.16,5.53
SRC0144,9e72ea65dc1e9d88569c8e244bf4ba865fdf8338df803822aebbb5469150ff9c,Coffee rust,train,4,K (141).png,K (141).png; K (142).png; K (143).png; K (144).png,4,74.88,98.0,46.12,71.62,4.54,5.59
SRC0145,9fb749d635c0a45713998481fdc0b2ba89ed1e80bceb95b4ab2bca4952f0a99a,Sooty mold,train,2,Ej (44).jpg,Ej (44).jpg; Ej (45).jpg,2,89.76,97.69,62.87,79.79,5.04,5.97
SRC0146,a151a9e5e52191f5e97b51e7933f1c70c235c54d3f577442e3be6ad7274ee6f6,Coffee rust,train,4,K (113).png,K (113).png; K (114).png; K (115).png; K (116).png,4,76.85,87.06,51.01,57.96,4.58,5.95
SRC0147,a1a99633d874de4aa93e0409a6d2661fff0ad510c5837c7d7de587289607ad8e,Sooty mold,train,4,Ej (29).jpg,Ej (29).jpg; Ej (30).jpg; Ej (31).jpg; Ej (32).jpg,4,83.55,98.0,71.5,79.18,4.66,5.91
SRC0148,a2a908d64e26e5a8b611759de006d891932f65bab68ebdbc98f597ba6a5b78ed,Leaf spot,validation,2,B (25).jpg,B (25).jpg; B (26).jpg,2,87.66,92.52,50.16,64.34,5.66,6.31
SRC0149,a2d750c60e12083c399aa233b7b88ebc3908c23c88f4735add8949a7b432dab7,Leaf spot,train,2,B (87).png,B (87).png; B (88).png,2,81.71,87.15,47.24,49.53,5.06,5.06
SRC0150,a3e6d55525376a2c609e60f59612a58ff97ea602d6a92538faf33aaaf3a39f89,Leaf spot,train,1,B (2).jpg,B (2).jpg,1,80.58,80.58,53.98,53.98,5.97,5.97
SRC0151,a4b10526d53617abcec30db2831131f41702b9f35f3911835aef944725d3d6ed,Sooty mold,train,4,Ej (122).png,Ej (122).png; Ej (123).png; Ej (124).png; Ej (129).png,4,92.48,98.0,69.26,84.3,5.8,7.29
SRC0152,a5c71616f4b64fde60c44d3abb878693d316a25fd6afa87adb1a48461b011239,Healthy,train,6,Ds (34).jpg,Ds (34).jpg; Ds (35).jpg; Ds (36).jpg; Ds (37).jpg; Ds (38).jpg; Ds (39).jpg,6,61.13,79.07,51.89,63.44,5.81,6.87
SRC0153,a5dd58fa81ada2a9509326ed9b943f90efa58c2a48f0c47ca96e436b9fb54e69,Healthy,validation,6,Ds (52).jpg,Ds (52).jpg; Ds (53).jpg; Ds (54).jpg; Ds (55).jpg; Ds (56).jpg; Ds (57).jpg,6,64.86,81.58,51.83,68.82,5.84,7.4
SRC0154,a89050ff658d9e2f624bd150bad61d4b572f76cf01ca26e4fb3e3f4792519ef8,Sooty mold,train,3,Ej (101).png,Ej (101).png; Ej (102).png; Ej (103).png,3,92.14,98.0,70.73,78.91,5.62,6.48
SRC0155,a89068e0ec6bff5c55faabcabb5f140c4decc4c764bb683b45b80610977b8568,Sooty mold,validation,4,Ej (43).png,Ej (43).png; Ej (44).png; Ej (45).png; Ej (46).png,4,78.03,87.28,62.43,89.37,5.35,6.23
SRC0156,a9544099786e43401246557b1c98fb6294b3de02a26e064e03861c41790a58aa,Leaf spot,train,2,B (30).jpg,B (30).jpg; B (31).jpg,2,75.23,81.01,50.75,59.93,5.59,5.84
SRC0157,a96f1907e01e756d44b14b01d45e888a244f3416a32285c26347a9bab8cc13a4,Leaf spot,train,10,B (149).png,B (149).png; B (150).png; B (53).png; B (54).png; B (55).png; B (56).png; B (57).png; B (58).png; B (59).png; B (60).png,10,73.68,92.14,46.32,68.31,4.7,6.28
SRC0158,a9d6e0046b50fef4e6d1737c47d29d5a388bc84e36a751a519586b173c07a2b7,Coffee rust,train,4,K (16).jpg,K (16).jpg; K (17).jpg; K (18).jpg; K (19).jpg,4,78.04,89.08,51.66,60.37,4.63,5.42
SRC0159,ab11fa89850678ce5f021c8cfc18cb30baefe83c3f6c8f5ac67e43e21a03a026,Leaf spot,train,1,B (1).jpg,B (1).jpg,1,84.6,84.6,56.19,56.19,5.89,5.89
SRC0160,ac1d3085997068a5d2a9c79868cca525f9d47405cb21d01c3ba375ee0ec7c67c,Coffee rust,train,4,K (105).png,K (105).png; K (106).png; K (107).png; K (108).png,4,68.0,93.44,53.33,58.82,4.65,5.97
SRC0161,aec3e6f91772a0864d19c88daff0b5bcd52ea31fd5cd780026c9541971e4fd97,Healthy,train,3,Ds (4).jpg,Ds (4).jpg; Ds (5).jpg; Ds (6).jpg,3,65.42,71.79,66.8,69.05,5.22,6.31
SRC0162,b0d86a2fbf8df731f1132ba71883fadb92d75cab0dc8c7e1ed166f0c8ea9ba4b,Coffee rust,validation,2,K (30).jpg,K (30).jpg; K (31).jpg,2,75.55,77.47,36.58,44.37,4.56,5.88
SRC0163,b10ff060200d1ba57bb383a2270f0ab3276f2d62087459f95df2b767af51b6a2,Coffee rust,train,2,K (36).jpg,K (36).jpg; K (37).jpg,2,87.52,90.96,56.66,61.92,4.69,5.58
SRC0164,b127ebd3108e78d1dd1b39b8ea1d03547cb7d261de1a425a929b848d67ae6221,Leaf spot,train,9,B (41).png,B (41).png; B (42).png; B (43).png; B (44).png; B (45).png; B (46).png; B (47).png; B (95).png; B (96).png,9,76.19,88.98,41.18,57.47,4.38,6.46
SRC0165,b1417b20cb64b85684bb86bf4ae4ac96581a74881e6f48e3b73dd79f090c34c8,Healthy,train,6,Ds (111).png,Ds (111).png; Ds (113).png; Ds (117).png; Ds (121).png; Ds (123).png; Ds (125).png,6,56.23,75.16,56.91,74.95,5.81,7.04
SRC0166,b1d44d5ec85ebf60ad4414def193e4c1f0591132321081c2ed3280fae25c07ac,Leaf spot,train,2,B (69).png,B (69).png; B (70).png,2,79.73,87.88,53.17,53.45,4.98,6.15
SRC0167,b2b1082278b1be004afd339d6e255800579fa897357f070202c837655dad1ad3,Leaf spot,train,4,B (93).jpg,B (93).jpg; B (94).jpg; B (95).jpg; B (96).jpg,4,83.72,92.23,50.47,62.14,5.36,6.13
SRC0168,b3f45c2da0b9dab77795465c3fc84ffd5c1b9f4e561e968d896cef81a3bb1880,Healthy,train,6,Ds (64).jpg,Ds (64).jpg; Ds (65).jpg; Ds (66).jpg; Ds (67).jpg; Ds (68).jpg; Ds (69).jpg,6,63.16,74.58,50.62,76.33,5.85,6.69
SRC0169,b6a5b68ad5a5ecc065fa47727ee470df24c32e37237ef6ef3befd56caa9917c3,Leaf spot,train,2,B (85).png,B (85).png; B (86).png,2,75.65,84.67,49.89,56.08,5.44,5.86
SRC0170,b8cf5397c0cd56256e25a7f095f914160c2aa569c84e49c6b49c3e6ad8fd61fc,Sooty mold,train,3,Ej (22).jpg,Ej (22).jpg; Ej (23).jpg; Ej (24).jpg,3,83.1,90.03,71.48,78.92,5.46,6.48
SRC0171,ba3ffd50924125f7fdd9058b3b58be24e51bc1acce520e3bec555f34e211af6c,Leaf spot,validation,2,B (123).png,B (123).png; B (124).png,2,66.71,81.42,44.41,57.75,5.55,5.86
SRC0172,ba4f1941159a78a31869870194e42ae9b97ac189c4a24b1553bd18dee899d3cc,Sooty mold,validation,4,Ej (37).jpg,Ej (37).jpg; Ej (38).jpg; Ej (39).jpg; Ej (40).jpg,4,88.79,91.61,63.51,73.78,5.7,6.45
SRC0173,ba92b41492684ec660d169de6196b14aa51f99b67a4e05405fd21ed70403f14e,Leaf spot,validation,7,B (10).png,B (10).png; B (14).png; B (15).png; B (16).png; B (18).png; B (2).png; B (6).png,7,61.81,94.27,45.96,62.68,4.44,6.26
SRC0174,bac5ec5da77171a09defabed1d4d236153064d30b3964cd8b3bdf8abb5799eaa,Leaf spot,validation,3,B (22).png,B (22).png; B (24).png; B (25).png,3,80.4,85.91,51.49,64.59,5.21,5.83
SRC0175,bc3b261380553274322698a102556ea1ced085b6b9b00374fe19f98a6d298fb3,Coffee rust,train,3,K (65).jpg,K (65).jpg; K (66).jpg; K (67).jpg,3,73.39,85.02,44.78,74.15,4.6,5.57
SRC0176,bc568dad3a918c096122faee8f588a683298b13e17711109a9e74b35e88acc39,Healthy,validation,6,Ds (22).jpg,Ds (22).jpg; Ds (23).jpg; Ds (24).jpg; Ds (25).jpg; Ds (26).jpg; Ds (27).jpg,6,63.62,82.36,47.78,75.78,5.92,6.43
SRC0177,bdb7f802eaf3e32f9a07302c1f379bdf1aaf929e7d7c0ae722f4a6c8472b8ab2,Coffee rust,train,4,K (17).png,K (17).png; K (18).png; K (19).png; K (20).png,4,60.22,83.4,39.14,53.4,4.81,5.83
SRC0178,be2608c3880a73d03c0edc98f1399febf81052a4f1c888b7fe35466f7e374599,Sooty mold,train,3,Ej (1).jpg,Ej (1).jpg; Ej (2).jpg; Ej (3).jpg,3,87.14,96.86,68.66,75.16,4.83,6.91
SRC0179,bf213f08b17fb5948534bbd2790c85bb915d4c2b50214536394c0c74b5bcc548,Coffee rust,train,4,K (29).png,K (29).png; K (30).png; K (31).png; K (32).png,4,70.12,84.52,45.54,52.76,4.55,5.46
SRC0180,bffa414b11382f99e6337b965d6f48c15ac94c56207c3d51dc0f93d7d12b695d,Sooty mold,train,3,Ej (4).jpg,Ej (4).jpg; Ej (5).jpg; Ej (6).jpg,3,79.98,97.2,73.27,77.02,5.4,7.24
SRC0181,c04065bc85fd066c5f74dcb4c6c720d13ade1dec73c0848d3a75289254ef4c1c,Coffee rust,train,4,K (45).png,K (45).png; K (46).png; K (47).png; K (48).png,4,77.37,85.49,44.28,59.32,4.66,5.73
SRC0182,c1bddcb0a0887bb24a84a319a0d4f6162444e10f6080a6ff2acc80d859eff9de,Healthy,train,6,Ds (16).jpg,Ds (16).jpg; Ds (17).jpg; Ds (18).jpg; Ds (19).jpg; Ds (20).jpg; Ds (21).jpg,6,68.63,79.0,45.72,76.97,6.16,6.7
SRC0183,c22d3c0aa610a9c35cc01fb0194e9996b2a80914903bb3321046813948857fe3,Coffee rust,train,4,K (93).png,K (93).png; K (94).png; K (95).png; K (96).png,4,73.68,92.7,47.45,65.1,4.94,5.27
SRC0184,c460998048234c52a7a889a48e9e03884306f2c1fefbf07453ad7ab483083713,Leaf spot,train,2,B (89).png,B (89).png; B (90).png,2,76.16,94.97,50.95,54.82,4.43,6.34
SRC0185,c4a788e9986c211ce28495f92dff66848ad4e84d70021a5a72262921f717bc2f,Sooty mold,train,8,Ej (47).png,Ej (47).png; Ej (48).png; Ej (49).png; Ej (50).png; Ej (51).png; Ej (52).png; Ej (53).png; Ej (54).png,8,77.25,98.0,69.58,90.38,5.7,6.26
SRC0186,c4c4195a97c6d50973339bdd9f969dac47b561fa466fe82633b1d385256c04e5,Leaf spot,train,2,B (81).jpg,B (81).jpg; B (82).jpg,2,85.63,90.94,48.57,48.89,5.38,5.51
SRC0187,ccf7760aee310e8adb2a190b193e9755420052cb7b539e5ebc22f65dc1004043,Leaf spot,train,4,B (70).jpg,B (70).jpg; B (71).jpg; B (72).jpg; B (84).jpg,4,72.09,89.17,44.77,55.8,5.26,6.24
SRC0188,cd083bb2800ff55cd38ec47ab67eb89a294e995ddf4d9604b0c4171daeca725f,Leaf spot,train,7,B (36).png,B (36).png; B (37).png; B (38).png; B (39).png; B (40).png; B (93).png; B (94).png,7,78.31,86.63,46.54,57.61,4.36,6.38
SRC0189,cedf7f4df5f3abb210152b8b18e29aa521d9ed5468e9e0a86707f47d136be5a0,Coffee rust,train,4,K (37).png,K (37).png; K (38).png; K (39).png; K (40).png,4,72.17,81.15,45.46,57.86,4.32,5.1
SRC0190,cf1188cabf3b5b1248b6ac6b7e0428a37f36b2e4e2f4c98ed47683bc7784e1f8,Leaf spot,validation,4,B (77).png,B (77).png; B (78).png; B (79).png; B (80).png,4,74.7,88.99,46.7,60.29,4.97,5.8
SRC0191,d113407be56f77b0742cf3b04fe9447296fdaba59cb548065048c5bd857497eb,Coffee rust,train,2,K (38).jpg,K (38).jpg; K (39).jpg,2,79.12,85.31,48.0,51.15,4.88,4.93
SRC0192,d1832f3fad7f0891e5e15c122e7411b6b91a01c9a6d1769d36658c6d43496a30,Sooty mold,validation,8,Ej (31).png,Ej (31).png; Ej (32).png; Ej (33).png; Ej (34).png; Ej (35).png; Ej (36).png; Ej (37).png; Ej (38).png,8,84.89,97.78,62.22,86.87,4.98,6.91
SRC0193,d1dbc1116a9b09246b7fd7da2d356f35190b841f76ee73dd44f1ea2e732806d7,Leaf spot,train,4,B (11).png,B (11).png; B (12).png; B (151).png; B (17).png,4,80.7,91.03,42.31,56.08,4.24,5.94
SRC0194,d1eacbd4bde7348a423c563ca65efaa8e40a5ad16c8c64ef73559bc8e2791105,Leaf spot,train,2,B (107).png,B (107).png; B (108).png,2,76.34,87.02,43.44,59.45,5.43,5.53
SRC0195,d22a7af41907579b728810fdf24de99e513f98dca7106dcd426b46eecf167f41,Leaf spot,train,2,B (147).png,B (147).png; B (148).png,2,72.4,78.16,52.74,56.24,5.6,6.35
SRC0196,d264a9cffc01c5f6d7a9799a9c533b6369f402a75ed8123193a8b3cc32137fe1,Leaf spot,train,2,B (103).png,B (103).png; B (104).png,2,69.52,83.51,53.05,55.95,4.94,5.56
SRC0197,d2adf855e391b9a946ffd8e20431204cc7c310da6e6889ac57f4f40d1325e323,Leaf spot,train,4,B (58).jpg,B (58).jpg; B (59).jpg; B (60).jpg; B (61).jpg,4,80.5,95.15,47.35,58.85,4.98,5.9
SRC0198,d2e8458fd80bba8d356b16772581286d4180d75b8c7fb2564a680a53986bdfc7,Sooty mold,train,8,Ej (22).png,Ej (22).png; Ej (23).png; Ej (24).png; Ej (25).png; Ej (26).png; Ej (28).png; Ej (29).png; Ej (30).png,8,86.18,98.0,65.06,83.61,5.46,7.0
SRC0199,d31e599cae6712173cb915f28deb30aee605163aeb798bd643b9f0c9d9003dcc,Leaf spot,train,1,B (8).jpg,B (8).jpg,1,98.0,98.0,56.34,56.34,5.37,5.37
SRC0200,d356d39f40126ae67137b88828a7dd10cafe2b0a2970b7598b4c496d6f8b7eee,Coffee rust,train,4,K (65).png,K (65).png; K (66).png; K (67).png; K (68).png,4,75.55,84.51,46.68,55.29,4.77,5.62
SRC0201,d585ef7e4a43dbe7d3b04aaa6f8a29c2f3bffce22cfd3c17e11266ed4b809801,Leaf spot,train,2,B (145).png,B (145).png; B (146).png,2,77.96,84.69,47.02,50.53,5.58,5.8
SRC0202,d62c1f8ef374ee60c0719ad5413389864cd5160d9ffaf2460dd7698c318ee858,Leaf spot,train,2,B (73).png,B (73).png; B (74).png,2,73.4,86.45,40.55,53.2,4.91,5.05
SRC0203,d66d6077b1ba62223214da212c54420b82d38ecadd14414579966da714c6b981,Leaf spot,train,2,B (79).jpg,B (79).jpg; B (80).jpg,2,83.22,90.17,40.45,50.64,5.51,5.73
SRC0204,d6fa31d2346bcb5cc25af55e7987a9e27ac62eba0c873925401106e1f63c93fc,Sooty mold,train,3,Ej (41).jpg,Ej (41).jpg; Ej (42).jpg; Ej (43).jpg,3,82.28,97.59,69.48,87.41,5.24,6.36
SRC0205,d76bb5fb3b7b324e40ed590eaf4533ad66c695b66b4893428631039be2d5b6ec,Sooty mold,train,4,Ej (33).jpg,Ej (33).jpg; Ej (34).jpg; Ej (35).jpg; Ej (36).jpg,4,86.1,92.25,63.67,81.33,4.91,6.56
SRC0206,d94295ee13a9e7e9eb45b964e6b559eb17b8dbd869392fe209854230db136f89,Coffee rust,train,4,K (25).png,K (25).png; K (26).png; K (27).png; K (28).png,4,68.55,80.09,49.9,63.16,4.5,5.04
SRC0207,d9707cca4c0393837d27ca20659490ebd2ce7eb1241660dc3b26fa33d9217724,Coffee rust,train,4,K (54).jpg,K (54).jpg; K (55).jpg; K (56).jpg; K (57).jpg,4,70.4,85.76,34.92,58.84,4.73,5.37
SRC0208,dc80cc05fd77bae39687901e5f125c2143e01cc339325f9802911b122b9be1f8,Leaf spot,validation,4,B (66).jpg,B (66).jpg; B (67).jpg; B (68).jpg; B (69).jpg,4,78.48,97.91,49.45,66.12,4.47,5.81
SRC0209,dda2d0c7b9be077bc4bf5fd4df4337492d791b005ef4a4ad3693128d3755147d,Coffee rust,validation,4,K (69).png,K (69).png; K (70).png; K (71).png; K (72).png,4,79.73,85.23,44.37,66.04,4.57,5.65
SRC0210,dddaeb5b990c6bfb225abc26e49106965b004caad7c921a0696c02494deb8793,Sooty mold,validation,8,Ej (79).png,Ej (79).png; Ej (80).png; Ej (81).png; Ej (82).png; Ej (83).png; Ej (84).png; Ej (85).png; Ej (86).png,8,79.44,98.0,71.23,89.81,4.69,6.67
SRC0211,de2082330f14c2a788cf94b1ddfa09a3207d6aec06476c0e51aecd93cda7214a,Sooty mold,train,4,Ej (10).jpg,Ej (10).jpg; Ej (7).jpg; Ej (8).jpg; Ej (9).jpg,4,85.89,98.0,63.86,89.85,5.06,6.88
SRC0212,df17a9195f46a70f89170aee8ded7414435f345234fc3b2f99ba28bd7e51d242,Sooty mold,train,6,Ej (11).png,Ej (11).png; Ej (12).png; Ej (13).png; Ej (14).png; Ej (15).png; Ej (16).png,6,76.02,98.0,70.72,83.5,4.91,6.02
SRC0213,df2d6cf3f311e4bc14e8bd9d47c53d5076e5ac548b82cb1ec6b036c21e0adfba,Healthy,validation,6,Ds (28).jpg,Ds (28).jpg; Ds (29).jpg; Ds (30).jpg; Ds (31).jpg; Ds (32).jpg; Ds (33).jpg,6,58.73,76.86,62.74,79.81,5.27,6.93
SRC0214,e15be2d88fd2bf829930107ffc9a59b687777208fb6932f8d138def3935b8df9,Coffee rust,validation,4,K (58).jpg,K (58).jpg; K (59).jpg; K (60).jpg; K (61).jpg,4,76.14,97.79,44.77,63.76,5.08,5.66
SRC0215,e2118f9cb62bca734803600f1f9d46777ce8cf8b99cf85f17d782fdc013444e7,Leaf spot,validation,4,B (62).jpg,B (62).jpg; B (63).jpg; B (64).jpg; B (65).jpg,4,80.49,96.45,48.46,53.82,5.09,6.02
SRC0216,e2f53449590b742ded8c1f603774fcb60056869adcce434876e6b210df8be23b,Coffee rust,validation,4,K (85).jpg,K (85).jpg; K (86).jpg; K (87).jpg; K (88).jpg,4,68.06,89.48,46.41,59.58,4.94,5.44
SRC0217,e3505cb3ea658a49b4e6e7af95551ae11b71175e74c67e1dfb0d60cdc83f0126,Leaf spot,validation,1,B (76).jpg,B (76).jpg,1,82.45,82.45,45.23,45.23,6.25,6.25
SRC0218,e53a6ee22ea25269a4d25155f491ac905265a5965b020b53c367a8301c0dc895,Sooty mold,train,4,Ej (18).jpg,Ej (18).jpg; Ej (19).jpg; Ej (20).jpg; Ej (21).jpg,4,78.46,98.0,67.34,81.26,5.54,6.33
SRC0219,e55730bdca89470e92a31a102c82ac8f98cd151e84869795330af6b75639c7fe,Sooty mold,train,4,Ej (17).png,Ej (17).png; Ej (18).png; Ej (19).png; Ej (20).png,4,73.5,98.0,62.52,81.63,5.98,7.0
SRC0220,e56de5e47d27a4db7dc3d6bfce408259dec6a6092cc2b24a52f77708cb79ef6c,Leaf spot,train,1,B (75).jpg,B (75).jpg,1,72.12,72.12,55.73,55.73,4.87,4.87
SRC0221,e60abef3dbe8cbc27b8dc5772e225633e05595358b5f0a1e2596ea07f91b0704,Leaf spot,train,1,B (74).jpg,B (74).jpg,1,84.77,84.77,39.3,39.3,5.35,5.35
SRC0222,e8d7d06bbb4449bd54cb8344f1fd56be1c583a94c88fd47dfad6644f130c9e0f,Leaf spot,train,1,B (20).png,B (20).png,1,85.03,85.03,63.52,63.52,6.58,6.58
SRC0223,e91884f3a7c981da58200c29e41f14c45c9876fe3d0c0d0630097d584156278f,Leaf spot,train,2,B (21).jpg,B (21).jpg; B (22).jpg,2,82.31,83.65,40.48,45.39,4.75,6.18
SRC0224,edbf46d0c4da07df09d5e9e0fac25864788aa4fc28761da79471d501757ae0e2,Leaf spot,train,9,B (100).png,B (100).png; B (19).png; B (21).png; B (48).png; B (49).png; B (50).png; B (51).png; B (52).png; B (99).png,9,71.52,97.37,49.59,60.01,4.77,6.1
SRC0225,f08292c620716eaba1c1c4cadcd731f834713f69cda77132a81a285e2f8c84fd,Coffee rust,train,4,K (77).png,K (77).png; K (78).png; K (79).png; K (80).png,4,76.72,84.17,46.81,62.52,4.38,6.29
SRC0226,f15097e78bf6176858d123a0d66be791a4c3b515f4ea8fe36ecf04d9443d3ec1,Coffee rust,train,4,K (50).jpg,K (50).jpg; K (51).jpg; K (52).jpg; K (53).jpg,4,68.86,84.12,48.58,58.54,4.36,5.66
SRC0227,f2205bc97bde583793deb18a387a8986a73803b18afe1973d2649196824932bc,Healthy,train,6,Ds (40).jpg,Ds (40).jpg; Ds (41).jpg; Ds (42).jpg; Ds (43).jpg; Ds (44).jpg; Ds (45).jpg,6,65.63,75.29,48.16,76.49,5.56,6.87
SRC0228,f247d669fb331ca071650cf035d2e4fe11ce39e3d91b04e251a5e7bf55930383,Leaf spot,train,2,B (97).png,B (97).png; B (98).png,2,70.85,91.57,54.32,55.93,5.09,5.97
SRC0229,f5f9654758ed1c85ece35d46648978a46d7909a6dfd807e22ed5a403aa3bfade,Coffee rust,train,4,K (137).png,K (137).png; K (138).png; K (139).png; K (140).png,4,61.95,87.82,37.47,54.49,4.44,5.61
SRC0230,f7b7d3d30f76e1f20232c562779a055756959c59730b0f2c33f77655e36955a8,Leaf spot,train,1,B (77).jpg,B (77).jpg,1,91.06,91.06,47.14,47.14,5.49,5.49
SRC0231,f8223788c036bcba10a433ffddef7cc6320e556c8d074ba1454a7ce76976dcba,Coffee rust,train,4,K (21).png,K (21).png; K (22).png; K (23).png; K (24).png,4,70.09,87.35,42.49,61.73,4.16,4.83
SRC0232,f9a04b492d2ca27e009f806dd263c9ffb3702c2353587a3f6846604453eb6ba6,Healthy,train,6,Ds (46).jpg,Ds (46).jpg; Ds (47).jpg; Ds (48).jpg; Ds (49).jpg; Ds (50).jpg; Ds (51).jpg,6,55.24,74.77,52.78,67.52,4.78,7.18
SRC0233,fb14cc1dbfce3a4a4da8a397703332e33c9f367203b33714a33e15d27cdbb283,Sooty mold,train,8,Ej (55).png,Ej (55).png; Ej (56).png; Ej (57).png; Ej (58).png; Ej (59).png; Ej (60).png; Ej (61).png; Ej (62).png,8,84.7,98.0,73.6,88.73,4.76,6.57
SRC0234,fff58f1bf8be10f64c0b7f3a57bf5992e5be0356c407483276871eaa926b9e33,Healthy,train,3,Ds (13).jpg,Ds (13).jpg; Ds (14).jpg; Ds (15).jpg,3,68.11,75.96,58.34,63.93,5.9,6.42
